{
  "special": [],
  "index": "acid-vial",
  "name": "Acid (vial)",
  "equipment_category": {
    "index": "adventuring-gear",
    "name": "Adventuring Gear",
    "url": "/api/equipment-categories/adventuring-gear"
  },
  "gear_category": {
    "index": "standard-gear",
    "name": "Standard Gear",
    "url": "/api/equipment-categories/standard-gear"
  },
  "cost": {
    "quantity": 25,
    "unit": "gp"
  },
  "weight": 1,
  "desc": [
    "As an action, you can splash the contents of this vial onto a creature within 5 feet of you or throw the vial up to 20 feet, shattering it on impact. In either case, make a ranged attack against a creature or object, treating the acid as an improvised weapon.",
    "On a hit, the target takes 2d6 acid damage."
  ],
  "url": "/api/equipment/acid-vial",
  "contents": [],
  "properties": []
}