{
  "special": [],
  "index": "antitoxin-vial",
  "name": "Antitoxin (vial)",
  "equipment_category": {
    "index": "adventuring-gear",
    "name": "Adventuring Gear",
    "url": "/api/equipment-categories/adventuring-gear"
  },
  "gear_category": {
    "index": "standard-gear",
    "name": "Standard Gear",
    "url": "/api/equipment-categories/standard-gear"
  },
  "cost": {
    "quantity": 50,
    "unit": "gp"
  },
  "weight": 0,
  "desc": [
    "A creature that drinks this vial of liquid gains advantage on saving throws against poison for 1 hour. It confers no benefit to undead or constructs."
  ],
  "url": "/api/equipment/antitoxin-vial",
  "contents": [],
  "properties": []
}