{
  "desc": [],
  "special": [],
  "index": "backpack",
  "name": "Backpack",
  "equipment_category": {
    "index": "adventuring-gear",
    "name": "Adventuring Gear",
    "url": "/api/equipment-categories/adventuring-gear"
  },
  "gear_category": {
    "index": "standard-gear",
    "name": "Standard Gear",
    "url": "/api/equipment-categories/standard-gear"
  },
  "cost": {
    "quantity": 2,
    "unit": "gp"
  },
  "weight": 5,
  "url": "/api/equipment/backpack",
  "contents": [],
  "properties": []
}