{
  "special": [],
  "index": "ball-bearings-bag-of-1000",
  "name": "Ball bearings (bag of 1,000)",
  "equipment_category": {
    "index": "adventuring-gear",
    "name": "Adventuring Gear",
    "url": "/api/equipment-categories/adventuring-gear"
  },
  "gear_category": {
    "index": "standard-gear",
    "name": "Standard Gear",
    "url": "/api/equipment-categories/standard-gear"
  },
  "cost": {
    "quantity": 1,
    "unit": "gp"
  },
  "weight": 2,
  "desc": [
    "As an action, you can spill these tiny metal balls from their pouch to cover a level, square area that is 10 feet on a side.",
    "A creature moving across the covered area must succeed on a DC 10 Dexterity saving throw or fall prone.",
    "A creature moving through the area at half speed doesn't need to make the save."
  ],
  "url": "/api/equipment/ball-bearings-bag-of-1000",
  "contents": [],
  "properties": []
}