{
  "special": [],
  "index": "barding-breastplate",
  "name": "Barding: Breastplate",
  "equipment_category": {
    "index": "mounts-and-vehicles",
    "name": "Mounts and Vehicles",
    "url": "/api/equipment-categories/mounts-and-vehicles"
  },
  "vehicle_category": "Tack, Harness, and Drawn Vehicles",
  "cost": {
    "quantity": 1600,
    "unit": "gp"
  },
  "weight": 40,
  "desc": [
    "Barding is armor designed to protect an animal's head, neck, chest, and body. Any type of armor shown on the Armor table can be purchased as barding. The cost is four times the equivalent armor made for humanoids, and it weighs twice as much."
  ],
  "url": "/api/equipment/barding-breastplate",
  "contents": [],
  "properties": []
}