{
  "desc": [],
  "special": [],
  "index": "basket",
  "name": "Basket",
  "equipment_category": {
    "index": "adventuring-gear",
    "name": "Adventuring Gear",
    "url": "/api/equipment-categories/adventuring-gear"
  },
  "gear_category": {
    "index": "standard-gear",
    "name": "Standard Gear",
    "url": "/api/equipment-categories/standard-gear"
  },
  "cost": {
    "quantity": 4,
    "unit": "sp"
  },
  "weight": 2,
  "url": "/api/equipment/basket",
  "contents": [],
  "properties": []
}