{
  "desc": [],
  "special": [],
  "index": "bedroll",
  "name": "Bedroll",
  "equipment_category": {
    "index": "adventuring-gear",
    "name": "Adventuring Gear",
    "url": "/api/equipment-categories/adventuring-gear"
  },
  "gear_category": {
    "index": "standard-gear",
    "name": "Standard Gear",
    "url": "/api/equipment-categories/standard-gear"
  },
  "cost": {
    "quantity": 1,
    "unit": "gp"
  },
  "weight": 7,
  "url": "/api/equipment/bedroll",
  "contents": [],
  "properties": []
}