{
  "special": [],
  "index": "block-and-tackle",
  "name": "Block and tackle",
  "equipment_category": {
    "index": "adventuring-gear",
    "name": "Adventuring Gear",
    "url": "/api/equipment-categories/adventuring-gear"
  },
  "gear_category": {
    "index": "standard-gear",
    "name": "Standard Gear",
    "url": "/api/equipment-categories/standard-gear"
  },
  "cost": {
    "quantity": 1,
    "unit": "gp"
  },
  "weight": 5,
  "desc": [
    "A set of pulleys with a cable threaded through them and a hook to attach to objects, a block and tackle allows you to hoist up to four times the weight you can normally lift."
  ],
  "url": "/api/equipment/block-and-tackle",
  "contents": [],
  "properties": []
}