{
  "special": [],
  "index": "block-of-incense",
  "name": "Block of incense",
  "equipment_category": {
    "index": "adventuring-gear",
    "name": "Adventuring Gear",
    "url": "/api/equipment-categories/adventuring-gear"
  },
  "gear_category": {
    "index": "standard-gear",
    "name": "Standard Gear",
    "url": "/api/equipment-categories/standard-gear"
  },
  "cost": {
    "quantity": 0,
    "unit": "cp"
  },
  "weight": 0,
  "desc": [
    "A block of incense, typically found in a priest's pack."
  ],
  "url": "/api/equipment/block-of-incense",
  "contents": [],
  "properties": []
}