{
  "desc": [],
  "special": [],
  "index": "blowgun",
  "name": "Blowgun",
  "equipment_category": {
    "index": "weapon",
    "name": "Weapon",
    "url": "/api/equipment-categories/weapon"
  },
  "weapon_category": "Martial",
  "weapon_range": "Ranged",
  "category_range": "Martial Ranged",
  "cost": {
    "quantity": 10,
    "unit": "gp"
  },
  "damage": {
    "damage_dice": "1",
    "damage_type": {
      "index": "piercing",
      "name": "Piercing",
      "url": "/api/damage-types/piercing"
    }
  },
  "range": {
    "normal": 25,
    "long": 100
  },
  "weight": 1,
  "properties": [
    {
      "index": "ammunition",
      "name": "Ammunition",
      "url": "/api/weapon-properties/ammunition"
    },
    {
      "index": "loading",
      "name": "Loading",
      "url": "/api/weapon-properties/loading"
    }
  ],
  "url": "/api/equipment/blowgun",
  "contents": []
}