{
  "special": [],
  "index": "book",
  "name": "Book",
  "equipment_category": {
    "index": "adventuring-gear",
    "name": "Adventuring Gear",
    "url": "/api/equipment-categories/adventuring-gear"
  },
  "gear_category": {
    "index": "standard-gear",
    "name": "Standard Gear",
    "url": "/api/equipment-categories/standard-gear"
  },
  "cost": {
    "quantity": 25,
    "unit": "gp"
  },
  "weight": 5,
  "desc": [
    "A book might contain poetry, historical accounts, information pertaining to a particular field of lore, diagrams and notes on gnomish contraptions, or just about anything else that can be represented using text or pictures. A book of spells is a spellbook (described later in this section)."
  ],
  "url": "/api/equipment/book",
  "contents": [],
  "properties": []
}