{
  "desc": [],
  "special": [],
  "index": "bucket",
  "name": "Bucket",
  "equipment_category": {
    "index": "adventuring-gear",
    "name": "Adventuring Gear",
    "url": "/api/equipment-categories/adventuring-gear"
  },
  "gear_category": {
    "index": "standard-gear",
    "name": "Standard Gear",
    "url": "/api/equipment-categories/standard-gear"
  },
  "cost": {
    "quantity": 5,
    "unit": "cp"
  },
  "weight": 2,
  "url": "/api/equipment/bucket",
  "contents": [],
  "properties": []
}