{
  "special": [],
  "index": "candle",
  "name": "Candle",
  "equipment_category": {
    "index": "adventuring-gear",
    "name": "Adventuring Gear",
    "url": "/api/equipment-categories/adventuring-gear"
  },
  "gear_category": {
    "index": "standard-gear",
    "name": "Standard Gear",
    "url": "/api/equipment-categories/standard-gear"
  },
  "cost": {
    "quantity": 1,
    "unit": "cp"
  },
  "weight": 0,
  "desc": [
    "For 1 hour, a candle sheds bright light in a 5-foot radius and dim light for an additional 5 feet."
  ],
  "url": "/api/equipment/candle",
  "contents": [],
  "properties": []
}