{
  "special": [],
  "index": "case-map-or-scroll",
  "name": "Case, map or scroll",
  "equipment_category": {
    "index": "adventuring-gear",
    "name": "Adventuring Gear",
    "url": "/api/equipment-categories/adventuring-gear"
  },
  "gear_category": {
    "index": "standard-gear",
    "name": "Standard Gear",
    "url": "/api/equipment-categories/standard-gear"
  },
  "cost": {
    "quantity": 1,
    "unit": "gp"
  },
  "weight": 1,
  "desc": [
    "This cylindrical leather case can hold up to ten rolled-up sheets of paper or five rolled-up sheets of parchment."
  ],
  "url": "/api/equipment/case-map-or-scroll",
  "contents": [],
  "properties": []
}