{
  "special": [],
  "index": "case-crossbow-bolt",
  "name": "Case, crossbow bolt",
  "equipment_category": {
    "index": "adventuring-gear",
    "name": "Adventuring Gear",
    "url": "/api/equipment-categories/adventuring-gear"
  },
  "gear_category": {
    "index": "standard-gear",
    "name": "Standard Gear",
    "url": "/api/equipment-categories/standard-gear"
  },
  "cost": {
    "quantity": 1,
    "unit": "gp"
  },
  "weight": 1,
  "desc": [
    "This wooden case can hold up to twenty crossbow bolts."
  ],
  "url": "/api/equipment/case-crossbow-bolt",
  "contents": [],
  "properties": []
}