{
  "special": [],
  "index": "chain-10-feet",
  "name": "Chain (10 feet)",
  "equipment_category": {
    "index": "adventuring-gear",
    "name": "Adventuring Gear",
    "url": "/api/equipment-categories/adventuring-gear"
  },
  "gear_category": {
    "index": "standard-gear",
    "name": "Standard Gear",
    "url": "/api/equipment-categories/standard-gear"
  },
  "cost": {
    "quantity": 5,
    "unit": "gp"
  },
  "weight": 10,
  "desc": [
    "A chain has 10 hit points. It can be burst with a successful DC 20 Strength check."
  ],
  "url": "/api/equipment/chain-10-feet",
  "contents": [],
  "properties": []
}