{
  "desc": [],
  "special": [],
  "index": "chain-shirt",
  "name": "Chain Shirt",
  "equipment_category": {
    "index": "armor",
    "name": "Armor",
    "url": "/api/equipment-categories/armor"
  },
  "armor_category": "Medium",
  "armor_class": {
    "base": 13,
    "dex_bonus": true,
    "max_bonus": 2
  },
  "str_minimum": 0,
  "stealth_disadvantage": false,
  "weight": 20,
  "cost": {
    "quantity": 50,
    "unit": "gp"
  },
  "url": "/api/equipment/chain-shirt",
  "contents": [],
  "properties": []
}