{
  "desc": [],
  "special": [],
  "index": "chalk-1-piece",
  "name": "Chalk (1 piece)",
  "equipment_category": {
    "index": "adventuring-gear",
    "name": "Adventuring Gear",
    "url": "/api/equipment-categories/adventuring-gear"
  },
  "gear_category": {
    "index": "standard-gear",
    "name": "Standard Gear",
    "url": "/api/equipment-categories/standard-gear"
  },
  "cost": {
    "quantity": 1,
    "unit": "cp"
  },
  "weight": 0,
  "url": "/api/equipment/chalk-1-piece",
  "contents": [],
  "properties": []
}