{
  "desc": [],
  "special": [],
  "index": "chest",
  "name": "Chest",
  "equipment_category": {
    "index": "adventuring-gear",
    "name": "Adventuring Gear",
    "url": "/api/equipment-categories/adventuring-gear"
  },
  "gear_category": {
    "index": "standard-gear",
    "name": "Standard Gear",
    "url": "/api/equipment-categories/standard-gear"
  },
  "cost": {
    "quantity": 5,
    "unit": "gp"
  },
  "weight": 25,
  "url": "/api/equipment/chest",
  "contents": [],
  "properties": []
}