{
  "desc": [],
  "special": [],
  "index": "clothes-fine",
  "name": "Clothes, fine",
  "equipment_category": {
    "index": "adventuring-gear",
    "name": "Adventuring Gear",
    "url": "/api/equipment-categories/adventuring-gear"
  },
  "gear_category": {
    "index": "standard-gear",
    "name": "Standard Gear",
    "url": "/api/equipment-categories/standard-gear"
  },
  "cost": {
    "quantity": 15,
    "unit": "gp"
  },
  "weight": 6,
  "url": "/api/equipment/clothes-fine",
  "contents": [],
  "properties": []
}