{
  "special": [],
  "index": "component-pouch",
  "name": "Component pouch",
  "equipment_category": {
    "index": "adventuring-gear",
    "name": "Adventuring Gear",
    "url": "/api/equipment-categories/adventuring-gear"
  },
  "gear_category": {
    "index": "standard-gear",
    "name": "Standard Gear",
    "url": "/api/equipment-categories/standard-gear"
  },
  "cost": {
    "quantity": 25,
    "unit": "gp"
  },
  "weight": 2,
  "desc": [
    " A component pouch is a small, watertight leather belt pouch that has compartments to hold all the material components and other special items you need to cast your spells, except for those components that have a specific cost (as indicated in a spell's description)."
  ],
  "url": "/api/equipment/component-pouch",
  "contents": [],
  "properties": []
}