{
  "desc": [],
  "special": [],
  "index": "crossbow-hand",
  "name": "Crossbow, hand",
  "equipment_category": {
    "index": "weapon",
    "name": "Weapon",
    "url": "/api/equipment-categories/weapon"
  },
  "weapon_category": "Martial",
  "weapon_range": "Ranged",
  "category_range": "Martial Ranged",
  "cost": {
    "quantity": 75,
    "unit": "gp"
  },
  "damage": {
    "damage_dice": "1d6",
    "damage_type": {
      "index": "piercing",
      "name": "Piercing",
      "url": "/api/damage-types/piercing"
    }
  },
  "range": {
    "normal": 30,
    "long": 120
  },
  "weight": 3,
  "properties": [
    {
      "index": "ammunition",
      "name": "Ammunition",
      "url": "/api/weapon-properties/ammunition"
    },
    {
      "index": "light",
      "name": "Light",
      "url": "/api/weapon-properties/light"
    },
    {
      "index": "loading",
      "name": "Loading",
      "url": "/api/weapon-properties/loading"
    }
  ],
  "url": "/api/equipment/crossbow-hand",
  "contents": []
}