{
  "desc": [],
  "special": [],
  "index": "crossbow-heavy",
  "name": "Crossbow, heavy",
  "equipment_category": {
    "index": "weapon",
    "name": "Weapon",
    "url": "/api/equipment-categories/weapon"
  },
  "weapon_category": "Martial",
  "weapon_range": "Ranged",
  "category_range": "Martial Ranged",
  "cost": {
    "quantity": 50,
    "unit": "gp"
  },
  "damage": {
    "damage_dice": "1d10",
    "damage_type": {
      "index": "piercing",
      "name": "Piercing",
      "url": "/api/damage-types/piercing"
    }
  },
  "range": {
    "normal": 100,
    "long": 400
  },
  "weight": 18,
  "properties": [
    {
      "index": "ammunition",
      "name": "Ammunition",
      "url": "/api/weapon-properties/ammunition"
    },
    {
      "index": "heavy",
      "name": "Heavy",
      "url": "/api/weapon-properties/heavy"
    },
    {
      "index": "loading",
      "name": "Loading",
      "url": "/api/weapon-properties/loading"
    },
    {
      "index": "two-handed",
      "name": "Two-Handed",
      "url": "/api/weapon-properties/two-handed"
    }
  ],
  "url": "/api/equipment/crossbow-heavy",
  "contents": []
}