{
  "desc": [],
  "special": [],
  "index": "crossbow-bolt",
  "name": "Crossbow bolt",
  "equipment_category": {
    "index": "adventuring-gear",
    "name": "Adventuring Gear",
    "url": "/api/equipment-categories/adventuring-gear"
  },
  "gear_category": {
    "index": "ammunition",
    "name": "Ammunition",
    "url": "/api/equipment-categories/ammunition"
  },
  "quantity": 20,
  "cost": {
    "quantity": 1,
    "unit": "gp"
  },
  "weight": 1.5,
  "url": "/api/equipment/crossbow-bolt",
  "contents": [],
  "properties": []
}