{
  "special": [],
  "index": "crowbar",
  "name": "Crowbar",
  "equipment_category": {
    "index": "adventuring-gear",
    "name": "Adventuring Gear",
    "url": "/api/equipment-categories/adventuring-gear"
  },
  "gear_category": {
    "index": "standard-gear",
    "name": "Standard Gear",
    "url": "/api/equipment-categories/standard-gear"
  },
  "cost": {
    "quantity": 2,
    "unit": "gp"
  },
  "weight": 5,
  "desc": [
    "Using a crowbar grants advantage to Strength checks where the crowbar's leverage can be applied."
  ],
  "url": "/api/equipment/crowbar",
  "contents": [],
  "properties": []
}