{
  "desc": [],
  "special": [],
  "index": "dagger",
  "name": "Dagger",
  "equipment_category": {
    "index": "weapon",
    "name": "Weapon",
    "url": "/api/equipment-categories/weapon"
  },
  "weapon_category": "Simple",
  "weapon_range": "Melee",
  "category_range": "Simple Melee",
  "cost": {
    "quantity": 2,
    "unit": "gp"
  },
  "damage": {
    "damage_dice": "1d4",
    "damage_type": {
      "index": "piercing",
      "name": "Piercing",
      "url": "/api/damage-types/piercing"
    }
  },
  "range": {
    "normal": 5
  },
  "weight": 1,
  "properties": [
    {
      "index": "finesse",
      "name": "Finesse",
      "url": "/api/weapon-properties/finesse"
    },
    {
      "index": "light",
      "name": "Light",
      "url": "/api/weapon-properties/light"
    },
    {
      "index": "thrown",
      "name": "Thrown",
      "url": "/api/weapon-properties/thrown"
    },
    {
      "index": "monk",
      "name": "Monk",
      "url": "/api/weapon-properties/monk"
    }
  ],
  "throw_range": {
    "normal": 20,
    "long": 60
  },
  "url": "/api/equipment/dagger",
  "contents": []
}