{
  "desc": [],
  "special": [],
  "index": "dart",
  "name": "Dart",
  "equipment_category": {
    "index": "weapon",
    "name": "Weapon",
    "url": "/api/equipment-categories/weapon"
  },
  "weapon_category": "Simple",
  "weapon_range": "Ranged",
  "category_range": "Simple Ranged",
  "cost": {
    "quantity": 5,
    "unit": "cp"
  },
  "damage": {
    "damage_dice": "1d4",
    "damage_type": {
      "index": "piercing",
      "name": "Piercing",
      "url": "/api/damage-types/piercing"
    }
  },
  "range": {
    "normal": 20,
    "long": 60
  },
  "weight": 0.25,
  "properties": [
    {
      "index": "finesse",
      "name": "Finesse",
      "url": "/api/weapon-properties/finesse"
    },
    {
      "index": "thrown",
      "name": "Thrown",
      "url": "/api/weapon-properties/thrown"
    }
  ],
  "throw_range": {
    "normal": 20,
    "long": 60
  },
  "url": "/api/equipment/dart",
  "contents": []
}