{
  "desc": [],
  "special": [],
  "index": "diplomats-pack",
  "name": "Diplomat's Pack",
  "equipment_category": {
    "index": "adventuring-gear",
    "name": "Adventuring Gear",
    "url": "/api/equipment-categories/adventuring-gear"
  },
  "gear_category": {
    "index": "equipment-packs",
    "name": "Equipment Packs",
    "url": "/api/equipment-categories/equipment-packs"
  },
  "cost": {
    "quantity": 39,
    "unit": "gp"
  },
  "contents": [
    {
      "item": {
        "index": "chest",
        "name": "Chest",
        "url": "/api/equipment/chest"
      },
      "quantity": 1
    },
    {
      "item": {
        "index": "case-map-or-scroll",
        "name": "Case, map or scroll",
        "url": "/api/equipment/case-map-or-scroll"
      },
      "quantity": 2
    },
    {
      "item": {
        "index": "clothes-fine",
        "name": "Clothes, fine",
        "url": "/api/equipment/clothes-fine"
      },
      "quantity": 1
    },
    {
      "item": {
        "index": "ink-1-ounce-bottle",
        "name": "Ink (1 ounce bottle)",
        "url": "/api/equipment/ink-1-ounce-bottle"
      },
      "quantity": 1
    },
    {
      "item": {
        "index": "ink-pen",
        "name": "Ink pen",
        "url": "/api/equipment/ink-pen"
      },
      "quantity": 1
    },
    {
      "item": {
        "index": "lamp",
        "name": "Lamp",
        "url": "/api/equipment/lamp"
      },
      "quantity": 1
    },
    {
      "item": {
        "index": "oil-flask",
        "name": "Oil (flask)",
        "url": "/api/equipment/oil-flask"
      },
      "quantity": 2
    },
    {
      "item": {
        "index": "paper-one-sheet",
        "name": "Paper (one sheet)",
        "url": "/api/equipment/paper-one-sheet"
      },
      "quantity": 5
    },
    {
      "item": {
        "index": "perfume-vial",
        "name": "Perfume (vial)",
        "url": "/api/equipment/perfume-vial"
      },
      "quantity": 1
    },
    {
      "item": {
        "index": "sealing-wax",
        "name": "Sealing wax",
        "url": "/api/equipment/sealing-wax"
      },
      "quantity": 1
    },
    {
      "item": {
        "index": "soap",
        "name": "Soap",
        "url": "/api/equipment/soap"
      },
      "quantity": 1
    }
  ],
  "url": "/api/equipment/diplomats-pack",
  "properties": []
}