{
  "special": [],
  "index": "disguise-kit",
  "name": "Disguise Kit",
  "equipment_category": {
    "index": "adventuring-gear",
    "name": "Adventuring Gear",
    "url": "/api/equipment-categories/adventuring-gear"
  },
  "gear_category": {
    "index": "kits",
    "name": "Kits",
    "url": "/api/equipment-categories/kits"
  },
  "cost": {
    "quantity": 25,
    "unit": "gp"
  },
  "weight": 3,
  "desc": [
    "This pouch of cosmetics, hair dye, and small props lets you create disguises that change your physical appearance. Proficiency with this kit lets you add your proficiency bonus to any ability checks you make to create a visual disguise."
  ],
  "url": "/api/equipment/disguise-kit",
  "contents": [],
  "properties": []
}