{
  "desc": [],
  "special": [],
  "index": "dungeoneers-pack",
  "name": "Dungeoneer's Pack",
  "equipment_category": {
    "index": "adventuring-gear",
    "name": "Adventuring Gear",
    "url": "/api/equipment-categories/adventuring-gear"
  },
  "gear_category": {
    "index": "equipment-packs",
    "name": "Equipment Packs",
    "url": "/api/equipment-categories/equipment-packs"
  },
  "cost": {
    "quantity": 12,
    "unit": "gp"
  },
  "contents": [
    {
      "item": {
        "index": "backpack",
        "name": "Backpack",
        "url": "/api/equipment/backpack"
      },
      "quantity": 1
    },
    {
      "item": {
        "index": "crowbar",
        "name": "Crowbar",
        "url": "/api/equipment/crowbar"
      },
      "quantity": 1
    },
    {
      "item": {
        "index": "hammer",
        "name": "Hammer",
        "url": "/api/equipment/hammer"
      },
      "quantity": 1
    },
    {
      "item": {
        "index": "piton",
        "name": "Piton",
        "url": "/api/equipment/piton"
      },
      "quantity": 10
    },
    {
      "item": {
        "index": "torch",
        "name": "Torch",
        "url": "/api/equipment/torch"
      },
      "quantity": 10
    },
    {
      "item": {
        "index": "tinderbox",
        "name": "Tinderbox",
        "url": "/api/equipment/tinderbox"
      },
      "quantity": 1
    },
    {
      "item": {
        "index": "rations-1-day",
        "name": "Rations (1 day)",
        "url": "/api/equipment/rations-1-day"
      },
      "quantity": 10
    },
    {
      "item": {
        "index": "waterskin",
        "name": "Waterskin",
        "url": "/api/equipment/waterskin"
      },
      "quantity": 1
    },
    {
      "item": {
        "index": "rope-hempen-50-feet",
        "name": "Rope, hempen (50 feet)",
        "url": "/api/equipment/rope-hempen-50-feet"
      },
      "quantity": 1
    }
  ],
  "url": "/api/equipment/dungeoneers-pack",
  "properties": []
}