{
  "desc": [],
  "special": [],
  "index": "elephant",
  "name": "Elephant",
  "equipment_category": {
    "index": "mounts-and-vehicles",
    "name": "Mounts and Vehicles",
    "url": "/api/equipment-categories/mounts-and-vehicles"
  },
  "vehicle_category": "Mounts and Other Animals",
  "cost": {
    "quantity": 200,
    "unit": "gp"
  },
  "speed": {
    "quantity": 40,
    "unit": "ft/round"
  },
  "capacity": "1,320 lb.",
  "url": "/api/equipment/elephant",
  "contents": [],
  "properties": []
}