{
  "desc": [],
  "special": [],
  "index": "entertainers-pack",
  "name": "Entertainer's Pack",
  "equipment_category": {
    "index": "adventuring-gear",
    "name": "Adventuring Gear",
    "url": "/api/equipment-categories/adventuring-gear"
  },
  "gear_category": {
    "index": "equipment-packs",
    "name": "Equipment Packs",
    "url": "/api/equipment-categories/equipment-packs"
  },
  "cost": {
    "quantity": 40,
    "unit": "gp"
  },
  "contents": [
    {
      "item": {
        "index": "backpack",
        "name": "Backpack",
        "url": "/api/equipment/backpack"
      },
      "quantity": 1
    },
    {
      "item": {
        "index": "bedroll",
        "name": "Bedroll",
        "url": "/api/equipment/bedroll"
      },
      "quantity": 1
    },
    {
      "item": {
        "index": "clothes-costume",
        "name": "Clothes, costume",
        "url": "/api/equipment/clothes-costume"
      },
      "quantity": 2
    },
    {
      "item": {
        "index": "candle",
        "name": "Candle",
        "url": "/api/equipment/candle"
      },
      "quantity": 5
    },
    {
      "item": {
        "index": "rations-1-day",
        "name": "Rations (1 day)",
        "url": "/api/equipment/rations-1-day"
      },
      "quantity": 5
    },
    {
      "item": {
        "index": "waterskin",
        "name": "Waterskin",
        "url": "/api/equipment/waterskin"
      },
      "quantity": 1
    },
    {
      "item": {
        "index": "disguise-kit",
        "name": "Disguise Kit",
        "url": "/api/equipment/disguise-kit"
      },
      "quantity": 1
    }
  ],
  "url": "/api/equipment/entertainers-pack",
  "properties": []
}