{
  "desc": [],
  "special": [],
  "index": "explorers-pack",
  "name": "Explorer's Pack",
  "equipment_category": {
    "index": "adventuring-gear",
    "name": "Adventuring Gear",
    "url": "/api/equipment-categories/adventuring-gear"
  },
  "gear_category": {
    "index": "equipment-packs",
    "name": "Equipment Packs",
    "url": "/api/equipment-categories/equipment-packs"
  },
  "cost": {
    "quantity": 10,
    "unit": "gp"
  },
  "contents": [
    {
      "item": {
        "index": "backpack",
        "name": "Backpack",
        "url": "/api/equipment/backpack"
      },
      "quantity": 1
    },
    {
      "item": {
        "index": "bedroll",
        "name": "Bedroll",
        "url": "/api/equipment/bedroll"
      },
      "quantity": 1
    },
    {
      "item": {
        "index": "mess-kit",
        "name": "Mess Kit",
        "url": "/api/equipment/mess-kit"
      },
      "quantity": 1
    },
    {
      "item": {
        "index": "tinderbox",
        "name": "Tinderbox",
        "url": "/api/equipment/tinderbox"
      },
      "quantity": 1
    },
    {
      "item": {
        "index": "torch",
        "name": "Torch",
        "url": "/api/equipment/torch"
      },
      "quantity": 10
    },
    {
      "item": {
        "index": "rations-1-day",
        "name": "Rations (1 day)",
        "url": "/api/equipment/rations-1-day"
      },
      "quantity": 10
    },
    {
      "item": {
        "index": "waterskin",
        "name": "Waterskin",
        "url": "/api/equipment/waterskin"
      },
      "quantity": 1
    },
    {
      "item": {
        "index": "rope-hempen-50-feet",
        "name": "Rope, hempen (50 feet)",
        "url": "/api/equipment/rope-hempen-50-feet"
      },
      "quantity": 1
    }
  ],
  "url": "/api/equipment/explorers-pack",
  "properties": []
}