{
  "special": [],
  "index": "fishing-tackle",
  "name": "Fishing tackle",
  "equipment_category": {
    "index": "adventuring-gear",
    "name": "Adventuring Gear",
    "url": "/api/equipment-categories/adventuring-gear"
  },
  "gear_category": {
    "index": "standard-gear",
    "name": "Standard Gear",
    "url": "/api/equipment-categories/standard-gear"
  },
  "cost": {
    "quantity": 1,
    "unit": "gp"
  },
  "weight": 4,
  "desc": [
    "This kit includes a wooden rod, silken line, corkwood bobbers, steel hooks, lead sinkers, velvet lures, and narrow netting."
  ],
  "url": "/api/equipment/fishing-tackle",
  "contents": [],
  "properties": []
}