{
  "desc": [],
  "special": [],
  "index": "flail",
  "name": "Flail",
  "equipment_category": {
    "index": "weapon",
    "name": "Weapon",
    "url": "/api/equipment-categories/weapon"
  },
  "weapon_category": "Martial",
  "weapon_range": "Melee",
  "category_range": "Martial Melee",
  "cost": {
    "quantity": 10,
    "unit": "gp"
  },
  "damage": {
    "damage_dice": "1d8",
    "damage_type": {
      "index": "bludgeoning",
      "name": "Bludgeoning",
      "url": "/api/damage-types/bludgeoning"
    }
  },
  "range": {
    "normal": 5
  },
  "weight": 2,
  "properties": [],
  "url": "/api/equipment/flail",
  "contents": []
}