{
  "special": [],
  "index": "forgery-kit",
  "name": "Forgery Kit",
  "equipment_category": {
    "index": "adventuring-gear",
    "name": "Adventuring Gear",
    "url": "/api/equipment-categories/adventuring-gear"
  },
  "gear_category": {
    "index": "kits",
    "name": "Kits",
    "url": "/api/equipment-categories/kits"
  },
  "cost": {
    "quantity": 15,
    "unit": "gp"
  },
  "weight": 5,
  "desc": [
    "This small box contains a variety of papers and parchments, pens and inks, seals and sealing wax, gold and silver leaf, and other supplies necessary to create convincing forgeries of physical documents. Proficiency with this kit lets you add your proficiency bonus to any ability checks you make to create a physical forgery of a document."
  ],
  "url": "/api/equipment/forgery-kit",
  "contents": [],
  "properties": []
}