{
  "desc": [],
  "special": [],
  "index": "greatsword",
  "name": "Greatsword",
  "equipment_category": {
    "index": "weapon",
    "name": "Weapon",
    "url": "/api/equipment-categories/weapon"
  },
  "weapon_category": "Martial",
  "weapon_range": "Melee",
  "category_range": "Martial Melee",
  "cost": {
    "quantity": 50,
    "unit": "gp"
  },
  "damage": {
    "damage_dice": "2d6",
    "damage_type": {
      "index": "slashing",
      "name": "Slashing",
      "url": "/api/damage-types/slashing"
    }
  },
  "range": {
    "normal": 5
  },
  "weight": 6,
  "properties": [
    {
      "index": "heavy",
      "name": "Heavy",
      "url": "/api/weapon-properties/heavy"
    },
    {
      "index": "two-handed",
      "name": "Two-Handed",
      "url": "/api/weapon-properties/two-handed"
    }
  ],
  "url": "/api/equipment/greatsword",
  "contents": []
}