{
  "desc": [],
  "special": [],
  "index": "half-plate-armor",
  "name": "Half Plate Armor",
  "equipment_category": {
    "index": "armor",
    "name": "Armor",
    "url": "/api/equipment-categories/armor"
  },
  "armor_category": "Medium",
  "armor_class": {
    "base": 15,
    "dex_bonus": true,
    "max_bonus": 2
  },
  "str_minimum": 0,
  "stealth_disadvantage": true,
  "weight": 40,
  "cost": {
    "quantity": 750,
    "unit": "gp"
  },
  "url": "/api/equipment/half-plate-armor",
  "contents": [],
  "properties": []
}