{
  "desc": [],
  "special": [],
  "index": "handaxe",
  "name": "Handaxe",
  "equipment_category": {
    "index": "weapon",
    "name": "Weapon",
    "url": "/api/equipment-categories/weapon"
  },
  "weapon_category": "Simple",
  "weapon_range": "Melee",
  "category_range": "Simple Melee",
  "cost": {
    "quantity": 5,
    "unit": "gp"
  },
  "damage": {
    "damage_dice": "1d6",
    "damage_type": {
      "index": "slashing",
      "name": "Slashing",
      "url": "/api/damage-types/slashing"
    }
  },
  "range": {
    "normal": 5
  },
  "weight": 2,
  "properties": [
    {
      "index": "light",
      "name": "Light",
      "url": "/api/weapon-properties/light"
    },
    {
      "index": "thrown",
      "name": "Thrown",
      "url": "/api/weapon-properties/thrown"
    },
    {
      "index": "monk",
      "name": "Monk",
      "url": "/api/weapon-properties/monk"
    }
  ],
  "throw_range": {
    "normal": 20,
    "long": 60
  },
  "url": "/api/equipment/handaxe",
  "contents": []
}