{
  "special": [],
  "index": "healers-kit",
  "name": "Healer's Kit",
  "equipment_category": {
    "index": "adventuring-gear",
    "name": "Adventuring Gear",
    "url": "/api/equipment-categories/adventuring-gear"
  },
  "gear_category": {
    "index": "kits",
    "name": "Kits",
    "url": "/api/equipment-categories/kits"
  },
  "cost": {
    "quantity": 5,
    "unit": "gp"
  },
  "weight": 3,
  "desc": [
    "This kit is a leather pouch containing bandages, salves, and splints. The kit has ten uses. As an action, you can expend one use of the kit to stabilize a creature that has 0 hit points, without needing to make a Wisdom (Medicine) check."
  ],
  "url": "/api/equipment/healers-kit",
  "contents": [],
  "properties": []
}