{
  "desc": [],
  "special": [],
  "index": "horse-riding",
  "name": "Horse, riding",
  "equipment_category": {
    "index": "mounts-and-vehicles",
    "name": "Mounts and Vehicles",
    "url": "/api/equipment-categories/mounts-and-vehicles"
  },
  "vehicle_category": "Mounts and Other Animals",
  "cost": {
    "quantity": 75,
    "unit": "gp"
  },
  "speed": {
    "quantity": 60,
    "unit": "ft/round"
  },
  "capacity": "480 lb.",
  "url": "/api/equipment/horse-riding",
  "contents": [],
  "properties": []
}