{
  "desc": [],
  "special": [],
  "index": "ink-1-ounce-bottle",
  "name": "Ink (1 ounce bottle)",
  "equipment_category": {
    "index": "adventuring-gear",
    "name": "Adventuring Gear",
    "url": "/api/equipment-categories/adventuring-gear"
  },
  "gear_category": {
    "index": "standard-gear",
    "name": "Standard Gear",
    "url": "/api/equipment-categories/standard-gear"
  },
  "cost": {
    "quantity": 10,
    "unit": "gp"
  },
  "weight": 0,
  "url": "/api/equipment/ink-1-ounce-bottle",
  "contents": [],
  "properties": []
}