{
  "desc": [],
  "special": [],
  "index": "javelin",
  "name": "Javelin",
  "equipment_category": {
    "index": "weapon",
    "name": "Weapon",
    "url": "/api/equipment-categories/weapon"
  },
  "weapon_category": "Simple",
  "weapon_range": "Melee",
  "category_range": "Simple Melee",
  "cost": {
    "quantity": 5,
    "unit": "sp"
  },
  "damage": {
    "damage_dice": "1d6",
    "damage_type": {
      "index": "piercing",
      "name": "Piercing",
      "url": "/api/damage-types/piercing"
    }
  },
  "range": {
    "normal": 5
  },
  "weight": 2,
  "properties": [
    {
      "index": "thrown",
      "name": "Thrown",
      "url": "/api/weapon-properties/thrown"
    },
    {
      "index": "monk",
      "name": "Monk",
      "url": "/api/weapon-properties/monk"
    }
  ],
  "throw_range": {
    "normal": 30,
    "long": 120
  },
  "url": "/api/equipment/javelin",
  "contents": []
}