{
  "desc": [],
  "special": [],
  "index": "jug-or-pitcher",
  "name": "Jug or pitcher",
  "equipment_category": {
    "index": "adventuring-gear",
    "name": "Adventuring Gear",
    "url": "/api/equipment-categories/adventuring-gear"
  },
  "gear_category": {
    "index": "standard-gear",
    "name": "Standard Gear",
    "url": "/api/equipment-categories/standard-gear"
  },
  "cost": {
    "quantity": 2,
    "unit": "cp"
  },
  "weight": 4,
  "url": "/api/equipment/jug-or-pitcher",
  "contents": [],
  "properties": []
}