{
  "special": [],
  "index": "keelboat",
  "name": "Keelboat",
  "equipment_category": {
    "index": "mounts-and-vehicles",
    "name": "Mounts and Vehicles",
    "url": "/api/equipment-categories/mounts-and-vehicles"
  },
  "vehicle_category": "Waterborne Vehicles",
  "cost": {
    "quantity": 3000,
    "unit": "gp"
  },
  "speed": {
    "quantity": 1,
    "unit": "mph"
  },
  "desc": [
    "Keelboats and rowboats are used on lakes and rivers. If going downstream, add the speed of the current (typically 3 miles per hour) to the speed of the vehicle. These vehicles can't be rowed against any significant current, but they can be pulled upstream by draft animals on the shores. A rowboat weighs 100 pounds, in case adventurers carry it over land."
  ],
  "url": "/api/equipment/keelboat",
  "contents": [],
  "properties": []
}