{
  "desc": [],
  "special": [],
  "index": "ladder-10-foot",
  "name": "Ladder (10-foot)",
  "equipment_category": {
    "index": "adventuring-gear",
    "name": "Adventuring Gear",
    "url": "/api/equipment-categories/adventuring-gear"
  },
  "gear_category": {
    "index": "standard-gear",
    "name": "Standard Gear",
    "url": "/api/equipment-categories/standard-gear"
  },
  "cost": {
    "quantity": 1,
    "unit": "sp"
  },
  "weight": 25,
  "url": "/api/equipment/ladder-10-foot",
  "contents": [],
  "properties": []
}