{
  "special": [],
  "index": "lamp",
  "name": "Lamp",
  "equipment_category": {
    "index": "adventuring-gear",
    "name": "Adventuring Gear",
    "url": "/api/equipment-categories/adventuring-gear"
  },
  "gear_category": {
    "index": "standard-gear",
    "name": "Standard Gear",
    "url": "/api/equipment-categories/standard-gear"
  },
  "cost": {
    "quantity": 5,
    "unit": "sp"
  },
  "weight": 1,
  "desc": [
    "A lamp casts bright light in a 15-foot radius and dim light for an additional 30 feet. Once lit, it burns for 6 hours on a flask (1 pint) of oil."
  ],
  "url": "/api/equipment/lamp",
  "contents": [],
  "properties": []
}