{
  "desc": [],
  "index": "lance",
  "name": "Lance",
  "equipment_category": {
    "index": "weapon",
    "name": "Weapon",
    "url": "/api/equipment-categories/weapon"
  },
  "weapon_category": "Martial",
  "weapon_range": "Melee",
  "category_range": "Martial Melee",
  "cost": {
    "quantity": 10,
    "unit": "gp"
  },
  "damage": {
    "damage_dice": "1d12",
    "damage_type": {
      "index": "piercing",
      "name": "Piercing",
      "url": "/api/damage-types/piercing"
    }
  },
  "range": {
    "normal": 5
  },
  "weight": 6,
  "properties": [
    {
      "index": "reach",
      "name": "Reach",
      "url": "/api/weapon-properties/reach"
    },
    {
      "index": "special",
      "name": "Special",
      "url": "/api/weapon-properties/special"
    }
  ],
  "special": [
    "You have disadvantage when you use a lance to attack a target within 5 feet of you. Also, a lance requires two hands to wield when you aren't mounted."
  ],
  "url": "/api/equipment/lance",
  "contents": []
}