{
  "special": [],
  "index": "lantern-bullseye",
  "name": "Lantern, bullseye",
  "equipment_category": {
    "index": "adventuring-gear",
    "name": "Adventuring Gear",
    "url": "/api/equipment-categories/adventuring-gear"
  },
  "gear_category": {
    "index": "standard-gear",
    "name": "Standard Gear",
    "url": "/api/equipment-categories/standard-gear"
  },
  "cost": {
    "quantity": 10,
    "unit": "gp"
  },
  "weight": 2,
  "desc": [
    "A bullseye lantern casts bright light in a 60-foot cone and dim light for an additional 60 feet. Once lit, it burns for 6 hours on a flask (1 pint) of oil."
  ],
  "url": "/api/equipment/lantern-bullseye",
  "contents": [],
  "properties": []
}