{
  "special": [],
  "index": "lantern-hooded",
  "name": "Lantern, hooded",
  "equipment_category": {
    "index": "adventuring-gear",
    "name": "Adventuring Gear",
    "url": "/api/equipment-categories/adventuring-gear"
  },
  "gear_category": {
    "index": "standard-gear",
    "name": "Standard Gear",
    "url": "/api/equipment-categories/standard-gear"
  },
  "cost": {
    "quantity": 5,
    "unit": "gp"
  },
  "weight": 2,
  "desc": [
    "A hooded lantern casts bright light in a 30-foot radius and dim light for an additional 30 feet. Once lit, it burns for 6 hours on a flask (1 pint) of oil. As an action, you can lower the hood, reducing the light to dim light in a 5-foot radius."
  ],
  "url": "/api/equipment/lantern-hooded",
  "contents": [],
  "properties": []
}