{
  "special": [],
  "index": "leatherworkers-tools",
  "name": "Leatherworker's Tools",
  "equipment_category": {
    "index": "tools",
    "name": "Tools",
    "url": "/api/equipment-categories/tools"
  },
  "tool_category": "Artisan's Tools",
  "cost": {
    "quantity": 5,
    "unit": "gp"
  },
  "weight": 5,
  "desc": [
    "These special tools include the items needed to pursue a craft or trade. The table shows examples of the most common types of tools, each providing items related to a single craft. Proficiency with a set of artisan's tools lets you add your proficiency bonus to any ability checks you make using the tools in your craft. Each type of artisan's tools requires a separate proficiency."
  ],
  "url": "/api/equipment/leatherworkers-tools",
  "contents": [],
  "properties": []
}