{
  "desc": [],
  "special": [],
  "index": "leather-armor",
  "name": "Leather Armor",
  "equipment_category": {
    "index": "armor",
    "name": "Armor",
    "url": "/api/equipment-categories/armor"
  },
  "armor_category": "Light",
  "armor_class": {
    "base": 11,
    "dex_bonus": true
  },
  "str_minimum": 0,
  "stealth_disadvantage": false,
  "weight": 10,
  "cost": {
    "quantity": 10,
    "unit": "gp"
  },
  "url": "/api/equipment/leather-armor",
  "contents": [],
  "properties": []
}