{
  "special": [],
  "index": "little-bag-of-sand",
  "name": "Little bag of sand",
  "equipment_category": {
    "index": "adventuring-gear",
    "name": "Adventuring Gear",
    "url": "/api/equipment-categories/adventuring-gear"
  },
  "gear_category": {
    "index": "standard-gear",
    "name": "Standard Gear",
    "url": "/api/equipment-categories/standard-gear"
  },
  "cost": {
    "quantity": 0,
    "unit": "cp"
  },
  "weight": 0,
  "desc": [
    "A small bag of sand, typically found in a scholar's pack."
  ],
  "url": "/api/equipment/little-bag-of-sand",
  "contents": [],
  "properties": []
}