{
  "special": [],
  "index": "lute",
  "name": "Lute",
  "equipment_category": {
    "index": "tools",
    "name": "Tools",
    "url": "/api/equipment-categories/tools"
  },
  "tool_category": "Musical Instrument",
  "cost": {
    "quantity": 35,
    "unit": "gp"
  },
  "weight": 2,
  "desc": [
    "Several of the most common types of musical instruments are shown on the table as examples. If you have proficiency with a given musical instrument, you can add your proficiency bonus to any ability checks you make to play music with the instrument. A bard can use a musical instrument as a spellcasting focus. Each type of musical instrument requires a separate proficiency."
  ],
  "url": "/api/equipment/lute",
  "contents": [],
  "properties": []
}