{
  "special": [],
  "index": "magnifying-glass",
  "name": "Magnifying glass",
  "equipment_category": {
    "index": "adventuring-gear",
    "name": "Adventuring Gear",
    "url": "/api/equipment-categories/adventuring-gear"
  },
  "gear_category": {
    "index": "standard-gear",
    "name": "Standard Gear",
    "url": "/api/equipment-categories/standard-gear"
  },
  "cost": {
    "quantity": 100,
    "unit": "gp"
  },
  "weight": 0,
  "desc": [
    "This lens allows a closer look at small objects. It is also useful as a substitute for flint and steel when starting fires. Lighting a fire with a magnifying glass requires light as bright as sunlight to focus, tinder to ignite, and about 5 minutes for the fire to ignite.",
    "A magnifying glass grants advantage on any ability check made to appraise or inspect an item that is small or highly detailed."
  ],
  "url": "/api/equipment/magnifying-glass",
  "contents": [],
  "properties": []
}