{
  "desc": [],
  "special": [],
  "index": "maul",
  "name": "Maul",
  "equipment_category": {
    "index": "weapon",
    "name": "Weapon",
    "url": "/api/equipment-categories/weapon"
  },
  "weapon_category": "Martial",
  "weapon_range": "Melee",
  "category_range": "Martial Melee",
  "cost": {
    "quantity": 10,
    "unit": "gp"
  },
  "damage": {
    "damage_dice": "2d6",
    "damage_type": {
      "index": "bludgeoning",
      "name": "Bludgeoning",
      "url": "/api/damage-types/bludgeoning"
    }
  },
  "range": {
    "normal": 5
  },
  "weight": 10,
  "properties": [
    {
      "index": "heavy",
      "name": "Heavy",
      "url": "/api/weapon-properties/heavy"
    },
    {
      "index": "two-handed",
      "name": "Two-Handed",
      "url": "/api/weapon-properties/two-handed"
    }
  ],
  "url": "/api/equipment/maul",
  "contents": []
}