{
  "special": [],
  "index": "mess-kit",
  "name": "Mess Kit",
  "equipment_category": {
    "index": "adventuring-gear",
    "name": "Adventuring Gear",
    "url": "/api/equipment-categories/adventuring-gear"
  },
  "gear_category": {
    "index": "kits",
    "name": "Kits",
    "url": "/api/equipment-categories/kits"
  },
  "cost": {
    "quantity": 2,
    "unit": "sp"
  },
  "weight": 1,
  "desc": [
    "This tin box contains a cup and simple cutlery. The box clamps together, and one side can be used as a cooking pan and the other as a plate or shallow bowl."
  ],
  "url": "/api/equipment/mess-kit",
  "contents": [],
  "properties": []
}