{
  "special": [],
  "index": "navigators-tools",
  "name": "Navigator's Tools",
  "equipment_category": {
    "index": "tools",
    "name": "Tools",
    "url": "/api/equipment-categories/tools"
  },
  "tool_category": "Other Tools",
  "cost": {
    "quantity": 25,
    "unit": "gp"
  },
  "weight": 2,
  "desc": [
    "This set of instruments is used for navigation at sea. Proficiency with navigator's tools lets you chart a ship's course and follow navigation charts. In addition, these tools allow you to add your proficiency bonus to any ability check you make to avoid getting lost at sea."
  ],
  "url": "/api/equipment/navigators-tools",
  "contents": [],
  "properties": []
}