{
  "desc": [],
  "special": [],
  "index": "parchment-one-sheet",
  "name": "Parchment (one sheet)",
  "equipment_category": {
    "index": "adventuring-gear",
    "name": "Adventuring Gear",
    "url": "/api/equipment-categories/adventuring-gear"
  },
  "gear_category": {
    "index": "standard-gear",
    "name": "Standard Gear",
    "url": "/api/equipment-categories/standard-gear"
  },
  "cost": {
    "quantity": 1,
    "unit": "sp"
  },
  "weight": 0,
  "url": "/api/equipment/parchment-one-sheet",
  "contents": [],
  "properties": []
}