{
  "special": [],
  "index": "playing-card-set",
  "name": "Playing Card Set",
  "equipment_category": {
    "index": "tools",
    "name": "Tools",
    "url": "/api/equipment-categories/tools"
  },
  "tool_category": "Gaming Sets",
  "cost": {
    "quantity": 5,
    "unit": "sp"
  },
  "weight": 0,
  "desc": [
    "This item encompasses a wide range of game pieces, including dice and decks of cards (for games such as Three-Dragon Ante). A few common examples appear on the Tools table, but other kinds of gaming sets exist. If you are proficient with a gaming set, you can add your proficiency bonus to ability checks you make to play a game with that set. Each type of gaming set requires a separate proficiency."
  ],
  "url": "/api/equipment/playing-card-set",
  "contents": [],
  "properties": []
}