{
  "special": [],
  "index": "poison-basic-vial",
  "name": "Poison, basic (vial)",
  "equipment_category": {
    "index": "adventuring-gear",
    "name": "Adventuring Gear",
    "url": "/api/equipment-categories/adventuring-gear"
  },
  "gear_category": {
    "index": "standard-gear",
    "name": "Standard Gear",
    "url": "/api/equipment-categories/standard-gear"
  },
  "cost": {
    "quantity": 100,
    "unit": "gp"
  },
  "weight": 0,
  "desc": [
    "You can use the poison in this vial to coat one slashing or piercing weapon or up to three pieces of ammunition. Applying the poison takes an action. A creature hit by the poisoned weapon or ammunition must make a DC 10 Constitution saving throw or take 1d4 poison damage. Once applied, the poison retains potency for 1 minute before drying."
  ],
  "url": "/api/equipment/poison-basic-vial",
  "contents": [],
  "properties": []
}