{
  "desc": [],
  "special": [],
  "index": "pole-10-foot",
  "name": "Pole (10-foot)",
  "equipment_category": {
    "index": "adventuring-gear",
    "name": "Adventuring Gear",
    "url": "/api/equipment-categories/adventuring-gear"
  },
  "gear_category": {
    "index": "standard-gear",
    "name": "Standard Gear",
    "url": "/api/equipment-categories/standard-gear"
  },
  "cost": {
    "quantity": 5,
    "unit": "cp"
  },
  "weight": 7,
  "url": "/api/equipment/pole-10-foot",
  "contents": [],
  "properties": []
}