{
  "desc": [],
  "special": [],
  "index": "priests-pack",
  "name": "Priest's Pack",
  "equipment_category": {
    "index": "adventuring-gear",
    "name": "Adventuring Gear",
    "url": "/api/equipment-categories/adventuring-gear"
  },
  "gear_category": {
    "index": "equipment-packs",
    "name": "Equipment Packs",
    "url": "/api/equipment-categories/equipment-packs"
  },
  "cost": {
    "quantity": 19,
    "unit": "gp"
  },
  "contents": [
    {
      "item": {
        "index": "backpack",
        "name": "Backpack",
        "url": "/api/equipment/backpack"
      },
      "quantity": 1
    },
    {
      "item": {
        "index": "blanket",
        "name": "Blanket",
        "url": "/api/equipment/blanket"
      },
      "quantity": 1
    },
    {
      "item": {
        "index": "candle",
        "name": "Candle",
        "url": "/api/equipment/candle"
      },
      "quantity": 10
    },
    {
      "item": {
        "index": "tinderbox",
        "name": "Tinderbox",
        "url": "/api/equipment/tinderbox"
      },
      "quantity": 1
    },
    {
      "item": {
        "index": "rations-1-day",
        "name": "Rations (1 day)",
        "url": "/api/equipment/rations-1-day"
      },
      "quantity": 2
    },
    {
      "item": {
        "index": "waterskin",
        "name": "Waterskin",
        "url": "/api/equipment/waterskin"
      },
      "quantity": 1
    },
    {
      "item": {
        "index": "alms-box",
        "name": "Alms box",
        "url": "/api/equipment/alms-box"
      },
      "quantity": 1
    },
    {
      "item": {
        "index": "block-of-incense",
        "name": "Block of incense",
        "url": "/api/equipment/block-of-incense"
      },
      "quantity": 2
    },
    {
      "item": {
        "index": "censer",
        "name": "Censer",
        "url": "/api/equipment/censer"
      },
      "quantity": 1
    },
    {
      "item": {
        "index": "vestments",
        "name": "Vestments",
        "url": "/api/equipment/vestments"
      },
      "quantity": 1
    }
  ],
  "url": "/api/equipment/priests-pack",
  "properties": []
}