{
  "desc": [],
  "special": [],
  "index": "quarterstaff",
  "name": "Quarterstaff",
  "equipment_category": {
    "index": "weapon",
    "name": "Weapon",
    "url": "/api/equipment-categories/weapon"
  },
  "weapon_category": "Simple",
  "weapon_range": "Melee",
  "category_range": "Simple Melee",
  "cost": {
    "quantity": 2,
    "unit": "sp"
  },
  "damage": {
    "damage_dice": "1d6",
    "damage_type": {
      "index": "bludgeoning",
      "name": "Bludgeoning",
      "url": "/api/damage-types/bludgeoning"
    }
  },
  "range": {
    "normal": 5
  },
  "weight": 4,
  "properties": [
    {
      "index": "versatile",
      "name": "Versatile",
      "url": "/api/weapon-properties/versatile"
    },
    {
      "index": "monk",
      "name": "Monk",
      "url": "/api/weapon-properties/monk"
    }
  ],
  "two_handed_damage": {
    "damage_dice": "1d8",
    "damage_type": {
      "index": "bludgeoning",
      "name": "Bludgeoning",
      "url": "/api/damage-types/bludgeoning"
    }
  },
  "url": "/api/equipment/quarterstaff",
  "contents": []
}