{
  "special": [],
  "index": "quiver",
  "name": "Quiver",
  "equipment_category": {
    "index": "adventuring-gear",
    "name": "Adventuring Gear",
    "url": "/api/equipment-categories/adventuring-gear"
  },
  "gear_category": {
    "index": "standard-gear",
    "name": "Standard Gear",
    "url": "/api/equipment-categories/standard-gear"
  },
  "cost": {
    "quantity": 1,
    "unit": "gp"
  },
  "weight": 1,
  "desc": [
    "A quiver can hold up to 20 arrows."
  ],
  "url": "/api/equipment/quiver",
  "contents": [],
  "properties": []
}