{
  "special": [],
  "index": "rations-1-day",
  "name": "Rations (1 day)",
  "equipment_category": {
    "index": "adventuring-gear",
    "name": "Adventuring Gear",
    "url": "/api/equipment-categories/adventuring-gear"
  },
  "gear_category": {
    "index": "standard-gear",
    "name": "Standard Gear",
    "url": "/api/equipment-categories/standard-gear"
  },
  "cost": {
    "quantity": 5,
    "unit": "sp"
  },
  "weight": 2,
  "desc": [
    "Rations consist of dry foods suitable for extended travel, including jerky, dried fruit, hardtack, and nuts."
  ],
  "url": "/api/equipment/rations-1-day",
  "contents": [],
  "properties": []
}