{
  "special": [],
  "index": "rod",
  "name": "Rod",
  "equipment_category": {
    "index": "adventuring-gear",
    "name": "Adventuring Gear",
    "url": "/api/equipment-categories/adventuring-gear"
  },
  "gear_category": {
    "index": "arcane-foci",
    "name": "Arcane Foci",
    "url": "/api/equipment-categories/arcane-foci"
  },
  "cost": {
    "quantity": 10,
    "unit": "gp"
  },
  "weight": 2,
  "desc": [
    "An arcane focus is a special item--an orb, a crystal, a rod, a specially constructed staff, a wand-like length of wood, or some similar item--designed to channel the power of arcane spells. A sorcerer, warlock, or wizard can use such an item as a spellcasting focus."
  ],
  "url": "/api/equipment/rod",
  "contents": [],
  "properties": []
}