{
  "special": [],
  "index": "rope-hempen-50-feet",
  "name": "Rope, hempen (50 feet)",
  "equipment_category": {
    "index": "adventuring-gear",
    "name": "Adventuring Gear",
    "url": "/api/equipment-categories/adventuring-gear"
  },
  "gear_category": {
    "index": "standard-gear",
    "name": "Standard Gear",
    "url": "/api/equipment-categories/standard-gear"
  },
  "cost": {
    "quantity": 1,
    "unit": "gp"
  },
  "weight": 10,
  "desc": [
    "Rope, whether made of hemp or silk, has 2 hit points and can be burst with a DC 17 Strength check."
  ],
  "url": "/api/equipment/rope-hempen-50-feet",
  "contents": [],
  "properties": []
}