{
  "special": [],
  "index": "saddle-exotic",
  "name": "Saddle, Exotic",
  "equipment_category": {
    "index": "mounts-and-vehicles",
    "name": "Mounts and Vehicles",
    "url": "/api/equipment-categories/mounts-and-vehicles"
  },
  "vehicle_category": "Tack, Harness, and Drawn Vehicles",
  "cost": {
    "quantity": 60,
    "unit": "gp"
  },
  "weight": 50,
  "desc": [
    "An exotic saddle is required for riding any aquatic or flying mount."
  ],
  "url": "/api/equipment/saddle-exotic",
  "contents": [],
  "properties": []
}