{
  "special": [],
  "index": "saddle-military",
  "name": "Saddle, Military",
  "equipment_category": {
    "index": "mounts-and-vehicles",
    "name": "Mounts and Vehicles",
    "url": "/api/equipment-categories/mounts-and-vehicles"
  },
  "vehicle_category": "Tack, Harness, and Drawn Vehicles",
  "cost": {
    "quantity": 20,
    "unit": "gp"
  },
  "weight": 30,
  "desc": [
    "A military saddle braces the rider, helping you keep your seat on an active mount in battle. It gives you advantage on any check you make to remain mounted."
  ],
  "url": "/api/equipment/saddle-military",
  "contents": [],
  "properties": []
}