{
  "desc": [],
  "special": [],
  "index": "scholars-pack",
  "name": "Scholar's Pack",
  "equipment_category": {
    "index": "adventuring-gear",
    "name": "Adventuring Gear",
    "url": "/api/equipment-categories/adventuring-gear"
  },
  "gear_category": {
    "index": "equipment-packs",
    "name": "Equipment Packs",
    "url": "/api/equipment-categories/equipment-packs"
  },
  "cost": {
    "quantity": 40,
    "unit": "gp"
  },
  "contents": [
    {
      "item": {
        "index": "backpack",
        "name": "Backpack",
        "url": "/api/equipment/backpack"
      },
      "quantity": 1
    },
    {
      "item": {
        "index": "book",
        "name": "Book",
        "url": "/api/equipment/book"
      },
      "quantity": 1
    },
    {
      "item": {
        "index": "ink-1-ounce-bottle",
        "name": "Ink (1 ounce bottle)",
        "url": "/api/equipment/ink-1-ounce-bottle"
      },
      "quantity": 1
    },
    {
      "item": {
        "index": "ink-pen",
        "name": "Ink pen",
        "url": "/api/equipment/ink-pen"
      },
      "quantity": 1
    },
    {
      "item": {
        "index": "parchment-one-sheet",
        "name": "Parchment (one sheet)",
        "url": "/api/equipment/parchment-one-sheet"
      },
      "quantity": 10
    },
    {
      "item": {
        "index": "little-bag-of-sand",
        "name": "Little bag of sand",
        "url": "/api/equipment/little-bag-of-sand"
      },
      "quantity": 1
    },
    {
      "item": {
        "index": "small-knife",
        "name": "Small knife",
        "url": "/api/equipment/small-knife"
      },
      "quantity": 1
    }
  ],
  "url": "/api/equipment/scholars-pack",
  "properties": []
}