{
  "desc": [],
  "special": [],
  "index": "shortbow",
  "name": "Shortbow",
  "equipment_category": {
    "index": "weapon",
    "name": "Weapon",
    "url": "/api/equipment-categories/weapon"
  },
  "weapon_category": "Simple",
  "weapon_range": "Ranged",
  "category_range": "Simple Ranged",
  "cost": {
    "quantity": 25,
    "unit": "gp"
  },
  "damage": {
    "damage_dice": "1d6",
    "damage_type": {
      "index": "piercing",
      "name": "Piercing",
      "url": "/api/damage-types/piercing"
    }
  },
  "range": {
    "normal": 80,
    "long": 320
  },
  "weight": 2,
  "properties": [
    {
      "index": "ammunition",
      "name": "Ammunition",
      "url": "/api/weapon-properties/ammunition"
    },
    {
      "index": "two-handed",
      "name": "Two-Handed",
      "url": "/api/weapon-properties/two-handed"
    }
  ],
  "url": "/api/equipment/shortbow",
  "contents": []
}