{
  "desc": [],
  "special": [],
  "index": "spear",
  "name": "Spear",
  "equipment_category": {
    "index": "weapon",
    "name": "Weapon",
    "url": "/api/equipment-categories/weapon"
  },
  "weapon_category": "Simple",
  "weapon_range": "Melee",
  "category_range": "Simple Melee",
  "cost": {
    "quantity": 1,
    "unit": "gp"
  },
  "damage": {
    "damage_dice": "1d6",
    "damage_type": {
      "index": "piercing",
      "name": "Piercing",
      "url": "/api/damage-types/piercing"
    }
  },
  "range": {
    "normal": 5
  },
  "weight": 3,
  "properties": [
    {
      "index": "thrown",
      "name": "Thrown",
      "url": "/api/weapon-properties/thrown"
    },
    {
      "index": "versatile",
      "name": "Versatile",
      "url": "/api/weapon-properties/versatile"
    },
    {
      "index": "monk",
      "name": "Monk",
      "url": "/api/weapon-properties/monk"
    }
  ],
  "throw_range": {
    "normal": 20,
    "long": 60
  },
  "two_handed_damage": {
    "damage_dice": "1d8",
    "damage_type": {
      "index": "piercing",
      "name": "Piercing",
      "url": "/api/damage-types/piercing"
    }
  },
  "url": "/api/equipment/spear",
  "contents": []
}