{
  "special": [],
  "index": "spellbook",
  "name": "Spellbook",
  "equipment_category": {
    "index": "adventuring-gear",
    "name": "Adventuring Gear",
    "url": "/api/equipment-categories/adventuring-gear"
  },
  "gear_category": {
    "index": "standard-gear",
    "name": "Standard Gear",
    "url": "/api/equipment-categories/standard-gear"
  },
  "cost": {
    "quantity": 50,
    "unit": "gp"
  },
  "weight": 3,
  "desc": [
    "Essential for wizards, a spellbook is a leather-bound tome with 100 blank vellum pages suitable for recording spells."
  ],
  "url": "/api/equipment/spellbook",
  "contents": [],
  "properties": []
}