{
  "special": [],
  "index": "string-10-feet",
  "name": "String (10 feet)",
  "equipment_category": {
    "index": "adventuring-gear",
    "name": "Adventuring Gear",
    "url": "/api/equipment-categories/adventuring-gear"
  },
  "gear_category": {
    "index": "standard-gear",
    "name": "Standard Gear",
    "url": "/api/equipment-categories/standard-gear"
  },
  "cost": {
    "quantity": 0,
    "unit": "cp"
  },
  "weight": 0,
  "desc": [
    "A 10-foot length of string, typically found in a burglar's pack."
  ],
  "url": "/api/equipment/string-10-feet",
  "contents": [],
  "properties": []
}