{
  "special": [],
  "index": "tent-two-person",
  "name": "Tent, two-person",
  "equipment_category": {
    "index": "adventuring-gear",
    "name": "Adventuring Gear",
    "url": "/api/equipment-categories/adventuring-gear"
  },
  "gear_category": {
    "index": "standard-gear",
    "name": "Standard Gear",
    "url": "/api/equipment-categories/standard-gear"
  },
  "cost": {
    "quantity": 2,
    "unit": "gp"
  },
  "weight": 20,
  "desc": [
    "A simple and portable canvas shelter, a tent sleeps two."
  ],
  "url": "/api/equipment/tent-two-person",
  "contents": [],
  "properties": []
}