{
  "special": [],
  "index": "tinderbox",
  "name": "Tinderbox",
  "equipment_category": {
    "index": "adventuring-gear",
    "name": "Adventuring Gear",
    "url": "/api/equipment-categories/adventuring-gear"
  },
  "gear_category": {
    "index": "standard-gear",
    "name": "Standard Gear",
    "url": "/api/equipment-categories/standard-gear"
  },
  "cost": {
    "quantity": 5,
    "unit": "sp"
  },
  "weight": 1,
  "desc": [
    "This small container holds flint, fire steel, and tinder (usually dry cloth soaked in light oil) used to kindle a fire. Using it to light a torch--or anything else with abundant, exposed fuel--takes an action.",
    "Lighting any other fire takes 1 minute."
  ],
  "url": "/api/equipment/tinderbox",
  "contents": [],
  "properties": []
}