{
  "special": [],
  "index": "torch",
  "name": "Torch",
  "equipment_category": {
    "index": "adventuring-gear",
    "name": "Adventuring Gear",
    "url": "/api/equipment-categories/adventuring-gear"
  },
  "gear_category": {
    "index": "standard-gear",
    "name": "Standard Gear",
    "url": "/api/equipment-categories/standard-gear"
  },
  "cost": {
    "quantity": 1,
    "unit": "cp"
  },
  "weight": 1,
  "desc": [
    "A torch burns for 1 hour, providing bright light in a 20-foot radius and dim light for an additional 20 feet. If you make a melee attack with a burning torch and hit, it deals 1 fire damage."
  ],
  "url": "/api/equipment/torch",
  "contents": [],
  "properties": []
}