{
  "desc": [],
  "special": [],
  "index": "trident",
  "name": "Trident",
  "equipment_category": {
    "index": "weapon",
    "name": "Weapon",
    "url": "/api/equipment-categories/weapon"
  },
  "weapon_category": "Martial",
  "weapon_range": "Melee",
  "category_range": "Martial Melee",
  "cost": {
    "quantity": 5,
    "unit": "gp"
  },
  "damage": {
    "damage_dice": "1d6",
    "damage_type": {
      "index": "slashing",
      "name": "Slashing",
      "url": "/api/damage-types/slashing"
    }
  },
  "range": {
    "normal": 5
  },
  "weight": 4,
  "properties": [
    {
      "index": "thrown",
      "name": "Thrown",
      "url": "/api/weapon-properties/thrown"
    },
    {
      "index": "versatile",
      "name": "Versatile",
      "url": "/api/weapon-properties/versatile"
    }
  ],
  "throw_range": {
    "normal": 20,
    "long": 60
  },
  "two_handed_damage": {
    "damage_dice": "1d8",
    "damage_type": {
      "index": "piercing",
      "name": "Piercing",
      "url": "/api/damage-types/piercing"
    }
  },
  "url": "/api/equipment/trident",
  "contents": []
}