{
  "desc": [],
  "special": [],
  "index": "warhammer",
  "name": "Warhammer",
  "equipment_category": {
    "index": "weapon",
    "name": "Weapon",
    "url": "/api/equipment-categories/weapon"
  },
  "weapon_category": "Martial",
  "weapon_range": "Melee",
  "category_range": "Martial Melee",
  "cost": {
    "quantity": 15,
    "unit": "gp"
  },
  "damage": {
    "damage_dice": "1d8",
    "damage_type": {
      "index": "bludgeoning",
      "name": "Bludgeoning",
      "url": "/api/damage-types/bludgeoning"
    }
  },
  "range": {
    "normal": 5
  },
  "weight": 2,
  "properties": [
    {
      "index": "versatile",
      "name": "Versatile",
      "url": "/api/weapon-properties/versatile"
    }
  ],
  "two_handed_damage": {
    "damage_dice": "1d10",
    "damage_type": {
      "index": "bludgeoning",
      "name": "Bludgeoning",
      "url": "/api/damage-types/bludgeoning"
    }
  },
  "url": "/api/equipment/warhammer",
  "contents": []
}