{
  "desc": [],
  "special": [],
  "index": "whetstone",
  "name": "Whetstone",
  "equipment_category": {
    "index": "adventuring-gear",
    "name": "Adventuring Gear",
    "url": "/api/equipment-categories/adventuring-gear"
  },
  "gear_category": {
    "index": "standard-gear",
    "name": "Standard Gear",
    "url": "/api/equipment-categories/standard-gear"
  },
  "cost": {
    "quantity": 1,
    "unit": "cp"
  },
  "weight": 1,
  "url": "/api/equipment/whetstone",
  "contents": [],
  "properties": []
}