{
  "desc": [],
  "special": [],
  "index": "whip",
  "name": "Whip",
  "equipment_category": {
    "index": "weapon",
    "name": "Weapon",
    "url": "/api/equipment-categories/weapon"
  },
  "weapon_category": "Martial",
  "weapon_range": "Melee",
  "category_range": "Martial Melee",
  "cost": {
    "quantity": 2,
    "unit": "gp"
  },
  "damage": {
    "damage_dice": "1d4",
    "damage_type": {
      "index": "slashing",
      "name": "Slashing",
      "url": "/api/damage-types/slashing"
    }
  },
  "range": {
    "normal": 5
  },
  "weight": 3,
  "properties": [
    {
      "index": "finesse",
      "name": "Finesse",
      "url": "/api/weapon-properties/finesse"
    },
    {
      "index": "reach",
      "name": "Reach",
      "url": "/api/weapon-properties/reach"
    }
  ],
  "url": "/api/equipment/whip",
  "contents": []
}