{
  "special": [],
  "index": "yew-wand",
  "name": "Yew wand",
  "equipment_category": {
    "index": "adventuring-gear",
    "name": "Adventuring Gear",
    "url": "/api/equipment-categories/adventuring-gear"
  },
  "gear_category": {
    "index": "druidic-foci",
    "name": "Druidic Foci",
    "url": "/api/equipment-categories/druidic-foci"
  },
  "cost": {
    "quantity": 10,
    "unit": "gp"
  },
  "weight": 1,
  "desc": [
    "A druidic focus might be a sprig of mistletoe or holly, a wand or scepter made of yew or another special wood, a staff drawn whole out of a living tree, or a totem object incorporating feathers, fur, bones, and teeth from sacred animals. A druid can use such an object as a spellcasting focus."
  ],
  "url": "/api/equipment/yew-wand",
  "contents": [],
  "properties": []
}