{
  "count": 33,
  "results": [
    {
      "name": "Ability Checks",
      "index": "ability-checks",
      "url": "/api/rule-sections/ability-checks"
    },
    {
      "name": "Ability Scores and Modifiers",
      "index": "ability-scores-and-modifiers",
      "url": "/api/rule-sections/ability-scores-and-modifiers"
    },
    {
      "name": "Actions in Combat",
      "index": "actions-in-combat",
      "url": "/api/rule-sections/actions-in-combat"
    },
    {
      "name": "Activating an Item",
      "index": "activating-an-item",
      "url": "/api/rule-sections/activating-an-item"
    },
    {
      "name": "Advantage and Disadvantage",
      "index": "advantage-and-disadvantage",
      "url": "/api/rule-sections/advantage-and-disadvantage"
    },
    {
      "name": "Attunement",
      "index": "attunement",
      "url": "/api/rule-sections/attunement"
    },
    {
      "name": "Between Adventures",
      "index": "between-adventures",
      "url": "/api/rule-sections/between-adventures"
    },
    {
      "name": "Casting a Spell",
      "index": "casting-a-spell",
      "url": "/api/rule-sections/casting-a-spell"
    },
    {
      "name": "Cover",
      "index": "cover",
      "url": "/api/rule-sections/cover"
    },
    {
      "name": "Damage and Healing",
      "index": "damage-and-healing",
      "url": "/api/rule-sections/damage-and-healing"
    },
    {
      "name": "Diseases",
      "index": "diseases",
      "url": "/api/rule-sections/diseases"
    },
    {
      "name": "Fantasy-Historical Pantheons",
      "index": "fantasy-historical-pantheons",
      "url": "/api/rule-sections/fantasy-historical-pantheons"
    },
    {
      "name": "Madness",
      "index": "madness",
      "url": "/api/rule-sections/madness"
    },
    {
      "name": "Making an Attack",
      "index": "making-an-attack",
      "url": "/api/rule-sections/making-an-attack"
    },
    {
      "name": "Mounted Combat",
      "index": "mounted-combat",
      "url": "/api/rule-sections/mounted-combat"
    },
    {
      "name": "Movement",
      "index": "movement",
      "url": "/api/rule-sections/movement"
    },
    {
      "name": "Movement and Position",
      "index": "movement-and-position",
      "url": "/api/rule-sections/movement-and-position"
    },
    {
      "name": "Objects",
      "index": "objects",
      "url": "/api/rule-sections/objects"
    },
    {
      "name": "Poisons",
      "index": "poisons",
      "url": "/api/rule-sections/poisons"
    },
    {
      "name": "Proficiency Bonus",
      "index": "proficiency-bonus",
      "url": "/api/rule-sections/proficiency-bonus"
    },
    {
      "name": "Resting",
      "index": "resting",
      "url": "/api/rule-sections/resting"
    },
    {
      "name": "Saving Throws",
      "index": "saving-throws",
      "url": "/api/rule-sections/saving-throws"
    },
    {
      "name": "Sentient Magic Items",
      "index": "sentient-magic-items",
      "url": "/api/rule-sections/sentient-magic-items"
    },
    {
      "name": "Standard Exchange Rates",
      "index": "standard-exchange-rates",
      "url": "/api/rule-sections/standard-exchange-rates"
    },
    {
      "name": "The Environment",
      "index": "the-environment",
      "url": "/api/rule-sections/the-environment"
    },
    {
      "name": "The Order of Combat",
      "index": "the-order-of-combat",
      "url": "/api/rule-sections/the-order-of-combat"
    },
    {
      "name": "The Planes of Existence",
      "index": "the-planes-of-existence",
      "url": "/api/rule-sections/the-planes-of-existence"
    },
    {
      "name": "Time",
      "index": "time",
      "url": "/api/rule-sections/time"
    },
    {
      "name": "Traps",
      "index": "traps",
      "url": "/api/rule-sections/traps"
    },
    {
      "name": "Underwater Combat",
      "index": "underwater-combat",
      "url": "/api/rule-sections/underwater-combat"
    },
    {
      "name": "Using Each Ability",
      "index": "using-each-ability",
      "url": "/api/rule-sections/using-each-ability"
    },
    {
      "name": "Wearing and Wielding Items",
      "index": "wearing-and-wielding-items",
      "url": "/api/rule-sections/wearing-and-wielding-items"
    },
    {
      "name": "What Is a Spell?",
      "index": "what-is-a-spell",
      "url": "/api/rule-sections/what-is-a-spell"
    }
  ]
}