{
  "index": "high-elf",
  "name": "High Elf",
  "race": {
    "index": "elf",
    "name": "Elf",
    "url": "/api/races/elf"
  },
  "desc": "As a high elf, you have a keen mind and a mastery of at least the basics of magic. In many fantasy gaming worlds, there are two kinds of high elves. One type is haughty and reclusive, believing themselves to be superior to non-elves and even other elves. The other type is more common and more friendly, and often encountered among humans and other races.",
  "ability_bonuses": [
    {
      "ability_score": {
        "index": "int",
        "name": "INT",
        "url": "/api/ability-scores/int"
      },
      "bonus": 1
    }
  ],
  "starting_proficiencies": [
    {
      "index": "longswords",
      "name": "Longswords",
      "url": "/api/proficiencies/longswords"
    },
    {
      "index": "shortswords",
      "name": "Shortswords",
      "url": "/api/proficiencies/shortswords"
    },
    {
      "index": "shortbows",
      "name": "Shortbows",
      "url": "/api/proficiencies/shortbows"
    },
    {
      "index": "longbows",
      "name": "Longbows",
      "url": "/api/proficiencies/longbows"
    }
  ],
  "languages": [],
  "language_options": {
    "choose": 1,
    "from": {
      "option_set_type": "options_array",
      "options": [
        {
          "option_type": "reference",
          "item": {
            "index": "dwarvish",
            "name": "Dwarvish",
            "url": "/api/languages/dwarvish"
          }
        },
        {
          "option_type": "reference",
          "item": {
            "index": "giant",
            "name": "Giant",
            "url": "/api/languages/giant"
          }
        },
        {
          "option_type": "reference",
          "item": {
            "index": "gnomish",
            "name": "Gnomish",
            "url": "/api/languages/gnomish"
          }
        },
        {
          "option_type": "reference",
          "item": {
            "index": "goblin",
            "name": "Goblin",
            "url": "/api/languages/goblin"
          }
        },
        {
          "option_type": "reference",
          "item": {
            "index": "halfling",
            "name": "Halfling",
            "url": "/api/languages/halfling"
          }
        },
        {
          "option_type": "reference",
          "item": {
            "index": "orc",
            "name": "Orc",
            "url": "/api/languages/orc"
          }
        },
        {
          "option_type": "reference",
          "item": {
            "index": "abyssal",
            "name": "Abyssal",
            "url": "/api/languages/abyssal"
          }
        },
        {
          "option_type": "reference",
          "item": {
            "index": "celestial",
            "name": "Celestial",
            "url": "/api/languages/celestial"
          }
        },
        {
          "option_type": "reference",
          "item": {
            "index": "draconic",
            "name": "Draconic",
            "url": "/api/languages/draconic"
          }
        },
        {
          "option_type": "reference",
          "item": {
            "index": "deep-speech",
            "name": "Deep Speech",
            "url": "/api/languages/deep-speech"
          }
        },
        {
          "option_type": "reference",
          "item": {
            "index": "infernal",
            "name": "Infernal",
            "url": "/api/languages/infernal"
          }
        },
        {
          "option_type": "reference",
          "item": {
            "index": "primordial",
            "name": "Primordial",
            "url": "/api/languages/primordial"
          }
        },
        {
          "option_type": "reference",
          "item": {
            "index": "sylvan",
            "name": "Sylvan",
            "url": "/api/languages/sylvan"
          }
        },
        {
          "option_type": "reference",
          "item": {
            "index": "undercommon",
            "name": "Undercommon",
            "url": "/api/languages/undercommon"
          }
        }
      ]
    },
    "type": "language"
  },
  "racial_traits": [
    {
      "index": "elf-weapon-training",
      "name": "Elf Weapon Training",
      "url": "/api/traits/elf-weapon-training"
    },
    {
      "index": "high-elf-cantrip",
      "name": "High Elf Cantrip",
      "url": "/api/traits/high-elf-cantrip"
    },
    {
      "index": "extra-language",
      "name": "Extra Language",
      "url": "/api/traits/extra-language"
    }
  ],
  "url": "/api/subraces/high-elf"
}