{
  "index": "hill-dwarf",
  "name": "Hill Dwarf",
  "race": {
    "index": "dwarf",
    "name": "Dwarf",
    "url": "/api/races/dwarf"
  },
  "desc": "As a hill dwarf, you have keen senses, deep intuition, and remarkable resilience.",
  "ability_bonuses": [
    {
      "ability_score": {
        "index": "wis",
        "name": "WIS",
        "url": "/api/ability-scores/wis"
      },
      "bonus": 1
    }
  ],
  "starting_proficiencies": [],
  "languages": [],
  "racial_traits": [
    {
      "index": "dwarven-toughness",
      "name": "Dwarven Toughness",
      "url": "/api/traits/dwarven-toughness"
    }
  ],
  "url": "/api/subraces/hill-dwarf"
}