{
  "index": "lightfoot-halfling",
  "name": "Lightfoot Halfling",
  "race": {
    "index": "halfling",
    "name": "Halfling",
    "url": "/api/races/halfling"
  },
  "desc": "As a lightfoot halfling, you can easily hide from notice, even using other people as cover. You're inclined to be affable and get along well with others. Lightfoots are more prone to wanderlust than other halflings, and often dwell alongside other races or take up a nomadic life.",
  "ability_bonuses": [
    {
      "ability_score": {
        "index": "cha",
        "name": "CHA",
        "url": "/api/ability-scores/cha"
      },
      "bonus": 1
    }
  ],
  "starting_proficiencies": [],
  "languages": [],
  "racial_traits": [
    {
      "index": "naturally-stealthy",
      "name": "Naturally Stealthy",
      "url": "/api/traits/naturally-stealthy"
    }
  ],
  "url": "/api/subraces/lightfoot-halfling"
}