{
  "higher_level": [],
  "index": "acid-splash",
  "name": "Acid Splash",
  "desc": [
    "You hurl a bubble of acid. Choose one creature within range, or choose two creatures within range that are within 5 feet of each other. A target must succeed on a dexterity saving throw or take 1d6 acid damage.",
    "This spell's damage increases by 1d6 when you reach 5th level (2d6), 11th level (3d6), and 17th level (4d6)."
  ],
  "range": "60 feet",
  "components": [
    "V",
    "S"
  ],
  "ritual": false,
  "duration": "Instantaneous",
  "concentration": false,
  "casting_time": "1 action",
  "level": 0,
  "damage": {
    "damage_type": {
      "index": "acid",
      "name": "Acid",
      "url": "/api/damage-types/acid"
    },
    "damage_at_character_level": {
      "1": "1d6",
      "5": "2d6",
      "11": "3d6",
      "17": "4d6"
    }
  },
  "dc": {
    "dc_type": {
      "index": "dex",
      "name": "DEX",
      "url": "/api/ability-scores/dex"
    },
    "dc_success": "none"
  },
  "school": {
    "index": "conjuration",
    "name": "Conjuration",
    "url": "/api/magic-schools/conjuration"
  },
  "classes": [
    {
      "index": "sorcerer",
      "name": "Sorcerer",
      "url": "/api/classes/sorcerer"
    },
    {
      "index": "wizard",
      "name": "Wizard",
      "url": "/api/classes/wizard"
    }
  ],
  "subclasses": [
    {
      "index": "lore",
      "name": "Lore",
      "url": "/api/subclasses/lore"
    }
  ],
  "url": "/api/spells/acid-splash"
}