{
  "index": "bane",
  "name": "Bane",
  "desc": [
    "Up to three creatures of your choice that you can see within range must make charisma saving throws. Whenever a target that fails this saving throw makes an attack roll or a saving throw before the spell ends, the target must roll a d4 and subtract the number rolled from the attack roll or saving throw."
  ],
  "higher_level": [
    "When you cast this spell using a spell slot of 2nd level or higher, you can target one additional creature for each slot level above 1st."
  ],
  "range": "30 feet",
  "components": [
    "V",
    "S",
    "M"
  ],
  "material": "A drop of blood.",
  "ritual": false,
  "duration": "Up to 1 minute",
  "concentration": true,
  "casting_time": "1 action",
  "level": 1,
  "dc": {
    "dc_type": {
      "index": "cha",
      "name": "CHA",
      "url": "/api/ability-scores/cha"
    },
    "dc_success": "none"
  },
  "school": {
    "index": "enchantment",
    "name": "Enchantment",
    "url": "/api/magic-schools/enchantment"
  },
  "classes": [
    {
      "index": "bard",
      "name": "Bard",
      "url": "/api/classes/bard"
    },
    {
      "index": "cleric",
      "name": "Cleric",
      "url": "/api/classes/cleric"
    }
  ],
  "subclasses": [
    {
      "index": "lore",
      "name": "Lore",
      "url": "/api/subclasses/lore"
    }
  ],
  "url": "/api/spells/bane"
}