{
  "higher_level": [],
  "index": "blade-barrier",
  "name": "Blade Barrier",
  "desc": [
    "You create a vertical wall of whirling, razor-sharp blades made of magical energy. The wall appears within range and lasts for the duration. You can make a straight wall up to 100 feet long, 20 feet high, and 5 feet thick, or a ringed wall up to 60 feet in diameter, 20 feet high, and 5 feet thick. The wall provides three-quarters cover to creatures behind it, and its space is difficult terrain.",
    "When a creature enters the wall's area for the first time on a turn or starts its turn there, the creature must make a dexterity saving throw. On a failed save, the creature takes 6d10 slashing damage. On a successful save, the creature takes half as much damage."
  ],
  "range": "90 feet",
  "components": [
    "V",
    "S"
  ],
  "ritual": false,
  "duration": "Up to 10 minutes",
  "concentration": true,
  "casting_time": "1 action",
  "level": 6,
  "damage": {
    "damage_type": {
      "index": "slashing",
      "name": "Slashing",
      "url": "/api/damage-types/slashing"
    },
    "damage_at_slot_level": {
      "6": "6d10"
    }
  },
  "dc": {
    "dc_type": {
      "index": "dex",
      "name": "DEX",
      "url": "/api/ability-scores/dex"
    },
    "dc_success": "half"
  },
  "area_of_effect": {
    "type": "line",
    "size": 100
  },
  "school": {
    "index": "evocation",
    "name": "Evocation",
    "url": "/api/magic-schools/evocation"
  },
  "classes": [
    {
      "index": "cleric",
      "name": "Cleric",
      "url": "/api/classes/cleric"
    }
  ],
  "subclasses": [],
  "url": "/api/spells/blade-barrier"
}