{
  "index": "blindness-deafness",
  "name": "Blindness/Deafness",
  "desc": [
    "You can blind or deafen a foe. Choose one creature that you can see within range to make a constitution saving throw. If it fails, the target is either blinded or deafened (your choice) for the duration. At the end of each of its turns, the target can make a constitution saving throw. On a success, the spell ends."
  ],
  "higher_level": [
    "When you cast this spell using a spell slot of 3rd level or higher, you can target one additional creature for each slot level above 2nd."
  ],
  "range": "30 feet",
  "components": [
    "V"
  ],
  "ritual": false,
  "duration": "1 minute",
  "concentration": false,
  "casting_time": "1 action",
  "level": 2,
  "dc": {
    "dc_type": {
      "index": "con",
      "name": "CON",
      "url": "/api/ability-scores/con"
    },
    "dc_success": "none"
  },
  "school": {
    "index": "necromancy",
    "name": "Necromancy",
    "url": "/api/magic-schools/necromancy"
  },
  "classes": [
    {
      "index": "bard",
      "name": "Bard",
      "url": "/api/classes/bard"
    },
    {
      "index": "cleric",
      "name": "Cleric",
      "url": "/api/classes/cleric"
    },
    {
      "index": "sorcerer",
      "name": "Sorcerer",
      "url": "/api/classes/sorcerer"
    },
    {
      "index": "wizard",
      "name": "Wizard",
      "url": "/api/classes/wizard"
    }
  ],
  "subclasses": [
    {
      "index": "lore",
      "name": "Lore",
      "url": "/api/subclasses/lore"
    },
    {
      "index": "fiend",
      "name": "Fiend",
      "url": "/api/subclasses/fiend"
    }
  ],
  "url": "/api/spells/blindness-deafness"
}