{
  "index": "chain-lightning",
  "name": "Chain Lightning",
  "desc": [
    "You create a bolt of lightning that arcs toward a target of your choice that you can see within range. Three bolts then leap from that target to as many as three other targets, each of which must be within 30 feet of the first target. A target can be a creature or an object and can be targeted by only one of the bolts.",
    "A target must make a dexterity saving throw. The target takes 10d8 lightning damage on a failed save, or half as much damage on a successful one."
  ],
  "higher_level": [
    "When you cast this spell using a spell slot of 7th level or higher, one additional bolt leaps from the first target to another target for each slot level above 6th."
  ],
  "range": "150 feet",
  "components": [
    "V",
    "S",
    "M"
  ],
  "material": "A bit of fur; a piece of amber, glass, or a crystal rod; and three silver pins.",
  "ritual": false,
  "duration": "Instantaneous",
  "concentration": false,
  "casting_time": "1 action",
  "level": 6,
  "damage": {
    "damage_type": {
      "index": "lightning",
      "name": "Lightning",
      "url": "/api/damage-types/lightning"
    },
    "damage_at_slot_level": {
      "6": "10d8"
    }
  },
  "dc": {
    "dc_type": {
      "index": "dex",
      "name": "DEX",
      "url": "/api/ability-scores/dex"
    },
    "dc_success": "half"
  },
  "school": {
    "index": "evocation",
    "name": "Evocation",
    "url": "/api/magic-schools/evocation"
  },
  "classes": [
    {
      "index": "sorcerer",
      "name": "Sorcerer",
      "url": "/api/classes/sorcerer"
    },
    {
      "index": "wizard",
      "name": "Wizard",
      "url": "/api/classes/wizard"
    }
  ],
  "subclasses": [],
  "url": "/api/spells/chain-lightning"
}