{
  "index": "charm-person",
  "name": "Charm Person",
  "desc": [
    "You attempt to charm a humanoid you can see within range. It must make a wisdom saving throw, and does so with advantage if you or your companions are fighting it. If it fails the saving throw, it is charmed by you until the spell ends or until you or your companions do anything harmful to it. The charmed creature regards you as a friendly acquaintance. When the spell ends, the creature knows it was charmed by you."
  ],
  "higher_level": [
    "When you cast this spell using a spell slot of 2nd level or higher, you can target one additional creature for each slot level above 1st. The creatures must be within 30 feet of each other when you target them."
  ],
  "range": "30 feet",
  "components": [
    "V",
    "S"
  ],
  "ritual": false,
  "duration": "1 hour",
  "concentration": false,
  "casting_time": "1 action",
  "level": 1,
  "dc": {
    "dc_type": {
      "index": "wis",
      "name": "WIS",
      "url": "/api/ability-scores/wis"
    },
    "dc_success": "none"
  },
  "school": {
    "index": "enchantment",
    "name": "Enchantment",
    "url": "/api/magic-schools/enchantment"
  },
  "classes": [
    {
      "index": "bard",
      "name": "Bard",
      "url": "/api/classes/bard"
    },
    {
      "index": "druid",
      "name": "Druid",
      "url": "/api/classes/druid"
    },
    {
      "index": "sorcerer",
      "name": "Sorcerer",
      "url": "/api/classes/sorcerer"
    },
    {
      "index": "warlock",
      "name": "Warlock",
      "url": "/api/classes/warlock"
    },
    {
      "index": "wizard",
      "name": "Wizard",
      "url": "/api/classes/wizard"
    }
  ],
  "subclasses": [
    {
      "index": "lore",
      "name": "Lore",
      "url": "/api/subclasses/lore"
    }
  ],
  "url": "/api/spells/charm-person"
}