{
  "higher_level": [],
  "index": "chill-touch",
  "name": "Chill Touch",
  "desc": [
    "You create a ghostly, skeletal hand in the space of a creature within range. Make a ranged spell attack against the creature to assail it with the chill of the grave. On a hit, the target takes 1d8 necrotic damage, and it can't regain hit points until the start of your next turn. Until then, the hand clings to the target.",
    "If you hit an undead target, it also has disadvantage on attack rolls against you until the end of your next turn.",
    "This spell's damage increases by 1d8 when you reach 5th level (2d8), 11th level (3d8), and 17th level (4d8)."
  ],
  "range": "120 feet",
  "components": [
    "V",
    "S"
  ],
  "ritual": false,
  "duration": "1 round",
  "concentration": false,
  "casting_time": "1 action",
  "level": 0,
  "attack_type": "ranged",
  "damage": {
    "damage_type": {
      "index": "necrotic",
      "name": "Necrotic",
      "url": "/api/damage-types/necrotic"
    },
    "damage_at_character_level": {
      "1": "1d8",
      "5": "2d8",
      "11": "3d8",
      "17": "4d8"
    }
  },
  "school": {
    "index": "necromancy",
    "name": "Necromancy",
    "url": "/api/magic-schools/necromancy"
  },
  "classes": [
    {
      "index": "sorcerer",
      "name": "Sorcerer",
      "url": "/api/classes/sorcerer"
    },
    {
      "index": "warlock",
      "name": "Warlock",
      "url": "/api/classes/warlock"
    },
    {
      "index": "wizard",
      "name": "Wizard",
      "url": "/api/classes/wizard"
    }
  ],
  "subclasses": [
    {
      "index": "lore",
      "name": "Lore",
      "url": "/api/subclasses/lore"
    }
  ],
  "url": "/api/spells/chill-touch"
}