{
  "index": "circle-of-death",
  "name": "Circle of Death",
  "desc": [
    "A sphere of negative energy ripples out in a 60-foot radius sphere from a point within range. Each creature in that area must make a constitution saving throw. A target takes 8d6 necrotic damage on a failed save, or half as much damage on a successful one."
  ],
  "higher_level": [
    "When you cast this spell using a spell slot of 7th level or higher, the damage increases by 2d6 for each slot level above 6th."
  ],
  "range": "150 feet",
  "components": [
    "V",
    "S",
    "M"
  ],
  "material": "The powder of a crushed black pearl worth at least 500 gp.",
  "ritual": false,
  "duration": "Instantaneous",
  "concentration": false,
  "casting_time": "1 action",
  "level": 6,
  "damage": {
    "damage_type": {
      "index": "necrotic",
      "name": "Necrotic",
      "url": "/api/damage-types/necrotic"
    },
    "damage_at_slot_level": {
      "6": "8d6",
      "7": "10d6",
      "8": "12d6",
      "9": "14d6"
    }
  },
  "dc": {
    "dc_type": {
      "index": "con",
      "name": "CON",
      "url": "/api/ability-scores/con"
    },
    "dc_success": "half"
  },
  "area_of_effect": {
    "type": "sphere",
    "size": 60
  },
  "school": {
    "index": "necromancy",
    "name": "Necromancy",
    "url": "/api/magic-schools/necromancy"
  },
  "classes": [
    {
      "index": "sorcerer",
      "name": "Sorcerer",
      "url": "/api/classes/sorcerer"
    },
    {
      "index": "warlock",
      "name": "Warlock",
      "url": "/api/classes/warlock"
    },
    {
      "index": "wizard",
      "name": "Wizard",
      "url": "/api/classes/wizard"
    }
  ],
  "subclasses": [],
  "url": "/api/spells/circle-of-death"
}