{
  "higher_level": [],
  "index": "clairvoyance",
  "name": "Clairvoyance",
  "desc": [
    "You create an invisible sensor within range in a location familiar to you (a place you have visited or seen before) or in an obvious location that is unfamiliar to you (such as behind a door, around a corner, or in a grove of trees). The sensor remains in place for the duration, and it can't be attacked or otherwise interacted with.",
    "When you cast the spell, you choose seeing or hearing. You can use the chosen sense through the sensor as if you were in its space. As your action, you can switch between seeing and hearing.",
    "A creature that can see the sensor (such as a creature benefiting from see invisibility or truesight) sees a luminous, intangible orb about the size of your fist."
  ],
  "range": "1 mile",
  "components": [
    "V",
    "S",
    "M"
  ],
  "material": "A focus worth at least 100gp, either a jeweled horn for hearing or a glass eye for seeing.",
  "ritual": false,
  "duration": "Up to 10 minutes",
  "concentration": true,
  "casting_time": "10 minutes",
  "level": 3,
  "school": {
    "index": "divination",
    "name": "Divination",
    "url": "/api/magic-schools/divination"
  },
  "classes": [
    {
      "index": "bard",
      "name": "Bard",
      "url": "/api/classes/bard"
    },
    {
      "index": "cleric",
      "name": "Cleric",
      "url": "/api/classes/cleric"
    },
    {
      "index": "sorcerer",
      "name": "Sorcerer",
      "url": "/api/classes/sorcerer"
    },
    {
      "index": "wizard",
      "name": "Wizard",
      "url": "/api/classes/wizard"
    }
  ],
  "subclasses": [
    {
      "index": "lore",
      "name": "Lore",
      "url": "/api/subclasses/lore"
    }
  ],
  "url": "/api/spells/clairvoyance"
}