{
  "index": "cone-of-cold",
  "name": "Cone of Cold",
  "desc": [
    "A blast of cold air erupts from your hands. Each creature in a 60-foot cone must make a constitution saving throw. A creature takes 8d8 cold damage on a failed save, or half as much damage on a successful one.",
    "A creature killed by this spell becomes a frozen statue until it thaws."
  ],
  "higher_level": [
    "When you cast this spell using a spell slot of 6th level or higher, the damage increases by 1d8 for each slot level above 5th."
  ],
  "range": "Self",
  "components": [
    "V",
    "S",
    "M"
  ],
  "material": "A small crystal or glass cone.",
  "ritual": false,
  "duration": "Instantaneous",
  "concentration": false,
  "casting_time": "1 action",
  "level": 5,
  "damage": {
    "damage_type": {
      "index": "cold",
      "name": "Cold",
      "url": "/api/damage-types/cold"
    },
    "damage_at_slot_level": {
      "5": "8d8",
      "6": "9d8",
      "7": "10d8",
      "8": "11d8",
      "9": "12d8"
    }
  },
  "dc": {
    "dc_type": {
      "index": "con",
      "name": "CON",
      "url": "/api/ability-scores/con"
    },
    "dc_success": "half",
    "desc": "A creature killed by this spell becomes a frozen statue until it thaws."
  },
  "area_of_effect": {
    "type": "cone",
    "size": 60
  },
  "school": {
    "index": "evocation",
    "name": "Evocation",
    "url": "/api/magic-schools/evocation"
  },
  "classes": [
    {
      "index": "sorcerer",
      "name": "Sorcerer",
      "url": "/api/classes/sorcerer"
    },
    {
      "index": "wizard",
      "name": "Wizard",
      "url": "/api/classes/wizard"
    }
  ],
  "subclasses": [
    {
      "index": "land",
      "name": "Land",
      "url": "/api/subclasses/land"
    }
  ],
  "url": "/api/spells/cone-of-cold"
}