{
  "index": "conjure-celestial",
  "name": "Conjure Celestial",
  "desc": [
    "You summon a celestial of challenge rating 4 or lower, which appears in an unoccupied space that you can see within range. The celestial disappears when it drops to 0 hit points or when the spell ends.",
    "The celestial is friendly to you and your companions for the duration. Roll initiative for the celestial, which has its own turns. It obeys any verbal commands that you issue to it (no action required by you), as long as they don't violate its alignment. If you don't issue any commands to the celestial, it defends itself from hostile creatures but otherwise takes no actions.",
    "The GM has the celestial's statistics."
  ],
  "higher_level": [
    "When you cast this spell using a 9th-level spell slot, you summon a celestial of challenge rating 5 or lower."
  ],
  "range": "90 feet",
  "components": [
    "V",
    "S"
  ],
  "ritual": false,
  "duration": "Up to 1 hour",
  "concentration": true,
  "casting_time": "1 minute",
  "level": 7,
  "school": {
    "index": "conjuration",
    "name": "Conjuration",
    "url": "/api/magic-schools/conjuration"
  },
  "classes": [
    {
      "index": "cleric",
      "name": "Cleric",
      "url": "/api/classes/cleric"
    }
  ],
  "subclasses": [],
  "url": "/api/spells/conjure-celestial"
}