{
  "index": "conjure-woodland-beings",
  "name": "Conjure Woodland Beings",
  "desc": [
    "You summon fey creatures that appear in unoccupied spaces that you can see within range. Choose one of the following options for what appears:",
    "- One fey creature of challenge rating 2 or lower",
    "- Two fey creatures of challenge rating 1 or lower",
    "- Four fey creatures of challenge rating 1/2 or lower",
    "- Eight fey creatures of challenge rating 1/4 or lower",
    "A summoned creature disappears when it drops to 0 hit points or when the spell ends.",
    "The summoned creatures are friendly to you and your companions. Roll initiative for the summoned creatures as a group, which have their own turns. They obey any verbal commands that you issue to them (no action required by you). If you don't issue any commands to them, they defend themselves from hostile creatures, but otherwise take no actions.",
    "The GM has the creatures' statistics."
  ],
  "higher_level": [
    "When you cast this spell using certain higher-level spell slots, you choose one of the summoning options above, and more creatures appear: twice as many with a 6th-level slot and three times as many with an 8th-level slot."
  ],
  "range": "60 feet",
  "components": [
    "V",
    "S",
    "M"
  ],
  "material": "One holly berry per creature summoned.",
  "ritual": false,
  "duration": "Up to 1 hour",
  "concentration": true,
  "casting_time": "1 action",
  "level": 4,
  "school": {
    "index": "conjuration",
    "name": "Conjuration",
    "url": "/api/magic-schools/conjuration"
  },
  "classes": [
    {
      "index": "druid",
      "name": "Druid",
      "url": "/api/classes/druid"
    },
    {
      "index": "ranger",
      "name": "Ranger",
      "url": "/api/classes/ranger"
    }
  ],
  "subclasses": [],
  "url": "/api/spells/conjure-woodland-beings"
}