{
  "higher_level": [],
  "index": "continual-flame",
  "name": "Continual Flame",
  "desc": [
    "A flame, equivalent in brightness to a torch, springs forth from an object that you touch. The effect looks like a regular flame, but it creates no heat and doesn't use oxygen. A continual flame can be covered or hidden but not smothered or quenched."
  ],
  "range": "Touch",
  "components": [
    "V",
    "S",
    "M"
  ],
  "material": "Ruby dust worth 50 gp, which the spell consumes.",
  "ritual": false,
  "duration": "Until dispelled",
  "concentration": false,
  "casting_time": "1 action",
  "level": 2,
  "school": {
    "index": "evocation",
    "name": "Evocation",
    "url": "/api/magic-schools/evocation"
  },
  "classes": [
    {
      "index": "cleric",
      "name": "Cleric",
      "url": "/api/classes/cleric"
    },
    {
      "index": "wizard",
      "name": "Wizard",
      "url": "/api/classes/wizard"
    }
  ],
  "subclasses": [
    {
      "index": "lore",
      "name": "Lore",
      "url": "/api/subclasses/lore"
    }
  ],
  "url": "/api/spells/continual-flame"
}