{
  "index": "create-or-destroy-water",
  "name": "Create or Destroy Water",
  "desc": [
    "You either create or destroy water.",
    "***Create Water.*** You create up to 10 gallons of clean water within range in an open container. Alternatively, the water falls as rain in a 30-foot cube within range.",
    "***Destroy Water.*** You destroy up to 10 gallons of water in an open container within range. Alternatively, you destroy fog in a 30-foot cube within range."
  ],
  "higher_level": [
    "When you cast this spell using a spell slot of 2nd level or higher, you create or destroy 10 additional gallons of water, or the size of the cube increases by 5 feet, for each slot level above 1st."
  ],
  "range": "30 feet",
  "components": [
    "V",
    "S",
    "M"
  ],
  "material": "A drop of water if creating water, or a few grains of sand if destroying it.",
  "ritual": false,
  "duration": "Instantaneous",
  "concentration": false,
  "casting_time": "1 action",
  "level": 1,
  "area_of_effect": {
    "type": "cube",
    "size": 30
  },
  "school": {
    "index": "transmutation",
    "name": "Transmutation",
    "url": "/api/magic-schools/transmutation"
  },
  "classes": [
    {
      "index": "cleric",
      "name": "Cleric",
      "url": "/api/classes/cleric"
    },
    {
      "index": "druid",
      "name": "Druid",
      "url": "/api/classes/druid"
    }
  ],
  "subclasses": [
    {
      "index": "lore",
      "name": "Lore",
      "url": "/api/subclasses/lore"
    }
  ],
  "url": "/api/spells/create-or-destroy-water"
}