{
  "index": "delayed-blast-fireball",
  "name": "Delayed Blast Fireball",
  "desc": [
    "A beam of yellow light flashes from your pointing finger, then condenses to linger at a chosen point within range as a glowing bead for the duration. When the spell ends, either because your concentration is broken or because you decide to end it, the bead blossoms with a low roar into an explosion of flame that spreads around corners. Each creature in a 20-foot-radius sphere centered on that point must make a dexterity saving throw. A creature takes fire damage equal to the total accumulated damage on a failed save, or half as much damage on a successful one.",
    "The spell's base damage is 12d6. If at the end of your turn the bead has not yet detonated, the damage increases by 1d6.",
    "If the glowing bead is touched before the interval has expired, the creature touching it must make a dexterity saving throw. On a failed save, the spell ends immediately, causing the bead to erupt in flame. On a successful save, the creature can throw the bead up to 40 feet. When it strikes a creature or a solid object, the spell ends, and the bead explodes.",
    "The fire damages objects in the area and ignites flammable objects that aren't being worn or carried."
  ],
  "higher_level": [
    "When you cast this spell using a spell slot of 8th level or higher, the base damage increases by 1d6 for each slot level above 7th."
  ],
  "range": "150 feet",
  "components": [
    "V",
    "S",
    "M"
  ],
  "material": "A tiny ball of bat guano and sulfur.",
  "ritual": false,
  "duration": "Up to 1 minute",
  "concentration": true,
  "casting_time": "1 action",
  "level": 7,
  "damage": {
    "damage_type": {
      "index": "fire",
      "name": "Fire",
      "url": "/api/damage-types/fire"
    },
    "damage_at_slot_level": {
      "7": "12d6",
      "8": "13d6",
      "9": "14d6"
    }
  },
  "dc": {
    "dc_type": {
      "index": "dex",
      "name": "DEX",
      "url": "/api/ability-scores/dex"
    },
    "dc_success": "half"
  },
  "area_of_effect": {
    "type": "sphere",
    "size": 20
  },
  "school": {
    "index": "evocation",
    "name": "Evocation",
    "url": "/api/magic-schools/evocation"
  },
  "classes": [
    {
      "index": "sorcerer",
      "name": "Sorcerer",
      "url": "/api/classes/sorcerer"
    },
    {
      "index": "wizard",
      "name": "Wizard",
      "url": "/api/classes/wizard"
    }
  ],
  "subclasses": [],
  "url": "/api/spells/delayed-blast-fireball"
}