{
  "higher_level": [],
  "index": "eldritch-blast",
  "name": "Eldritch Blast",
  "desc": [
    "A beam of crackling energy streaks toward a creature within range. Make a ranged spell attack against the target. On a hit, the target takes 1d10 force damage. The spell creates more than one beam when you reach higher levels: two beams at 5th level, three beams at 11th level, and four beams at 17th level. You can direct the beams at the same target or at different ones. Make a separate attack roll for each beam."
  ],
  "range": "120 feet",
  "components": [
    "V",
    "S"
  ],
  "ritual": false,
  "duration": "Instantaneous",
  "concentration": false,
  "casting_time": "1 action",
  "level": 0,
  "attack_type": "ranged",
  "damage": {
    "damage_type": {
      "index": "force",
      "name": "Force",
      "url": "/api/damage-types/force"
    },
    "damage_at_character_level": {
      "1": "1d10",
      "5": "1d10",
      "11": "1d10",
      "17": "1d10"
    }
  },
  "school": {
    "index": "evocation",
    "name": "Evocation",
    "url": "/api/magic-schools/evocation"
  },
  "classes": [
    {
      "index": "warlock",
      "name": "Warlock",
      "url": "/api/classes/warlock"
    }
  ],
  "subclasses": [
    {
      "index": "lore",
      "name": "Lore",
      "url": "/api/subclasses/lore"
    }
  ],
  "url": "/api/spells/eldritch-blast"
}