{
  "index": "enhance-ability",
  "name": "Enhance Ability",
  "desc": [
    "You touch a creature and bestow upon it a magical enhancement. Choose one of the following effects; the target gains that effect until the spell ends.",
    "***Bear's Endurance.*** The target has advantage on constitution checks. It also gains 2d6 temporary hit points, which are lost when the spell ends.",
    "***Bull's Strength.*** The target has advantage on strength checks, and his or her carrying capacity doubles.",
    "***Cat's Grace.*** The target has advantage on dexterity checks. It also doesn't take damage from falling 20 feet or less if it isn't incapacitated.",
    "***Eagle's Splendor.*** The target has advantage on Charisma checks.",
    "***Fox's Cunning.*** The target has advantage on intelligence checks.",
    "***Owl's Wisdom.*** The target has advantage on wisdom checks."
  ],
  "higher_level": [
    "When you cast this spell using a spell slot of 3rd level or higher, you can target one additional creature for each slot level above 2nd."
  ],
  "range": "Touch",
  "components": [
    "V",
    "S",
    "M"
  ],
  "material": "Fur or a feather from a beast.",
  "ritual": false,
  "duration": "Up to 1 hour",
  "concentration": true,
  "casting_time": "1 action",
  "level": 2,
  "school": {
    "index": "transmutation",
    "name": "Transmutation",
    "url": "/api/magic-schools/transmutation"
  },
  "classes": [
    {
      "index": "bard",
      "name": "Bard",
      "url": "/api/classes/bard"
    },
    {
      "index": "cleric",
      "name": "Cleric",
      "url": "/api/classes/cleric"
    },
    {
      "index": "druid",
      "name": "Druid",
      "url": "/api/classes/druid"
    },
    {
      "index": "sorcerer",
      "name": "Sorcerer",
      "url": "/api/classes/sorcerer"
    }
  ],
  "subclasses": [
    {
      "index": "lore",
      "name": "Lore",
      "url": "/api/subclasses/lore"
    }
  ],
  "url": "/api/spells/enhance-ability"
}