{
  "higher_level": [],
  "index": "entangle",
  "name": "Entangle",
  "desc": [
    "Grasping weeds and vines sprout from the ground in a 20-foot square starting form a point within range. For the duration, these plants turn the ground in the area into difficult terrain.",
    "A creature in the area when you cast the spell must succeed on a strength saving throw or be restrained by the entangling plants until the spell ends. A creature restrained by the plants can use its action to make a Strength check against your spell save DC. On a success, it frees itself.",
    "When the spell ends, the conjured plants wilt away."
  ],
  "range": "90 feet",
  "components": [
    "V",
    "S"
  ],
  "ritual": false,
  "duration": "Up to 1 minute",
  "concentration": true,
  "casting_time": "1 action",
  "level": 1,
  "dc": {
    "dc_type": {
      "index": "str",
      "name": "STR",
      "url": "/api/ability-scores/str"
    },
    "dc_success": "none"
  },
  "area_of_effect": {
    "type": "cube",
    "size": 20
  },
  "school": {
    "index": "conjuration",
    "name": "Conjuration",
    "url": "/api/magic-schools/conjuration"
  },
  "classes": [
    {
      "index": "druid",
      "name": "Druid",
      "url": "/api/classes/druid"
    }
  ],
  "subclasses": [
    {
      "index": "lore",
      "name": "Lore",
      "url": "/api/subclasses/lore"
    }
  ],
  "url": "/api/spells/entangle"
}