{
  "index": "false-life",
  "name": "False Life",
  "desc": [
    "Bolstering yourself with a necromantic facsimile of life, you gain 1d4 + 4 temporary hit points for the duration."
  ],
  "higher_level": [
    "When you cast this spell using a spell slot of 2nd level or higher, you gain 5 additional temporary hit points for each slot level above 1st."
  ],
  "range": "Self",
  "components": [
    "V",
    "S",
    "M"
  ],
  "material": "A small amount of alcohol or distilled spirits.",
  "ritual": false,
  "duration": "1 hour",
  "concentration": false,
  "casting_time": "1 action",
  "level": 1,
  "heal_at_slot_level": {
    "1": "1d4 + 4",
    "2": "1d4 + 9",
    "3": "1d4 + 14",
    "4": "1d4 + 19",
    "5": "1d4 + 24",
    "6": "1d4 + 29",
    "7": "1d4 + 34",
    "8": "1d4 + 39",
    "9": "1d4 + 44"
  },
  "school": {
    "index": "necromancy",
    "name": "Necromancy",
    "url": "/api/magic-schools/necromancy"
  },
  "classes": [
    {
      "index": "sorcerer",
      "name": "Sorcerer",
      "url": "/api/classes/sorcerer"
    },
    {
      "index": "wizard",
      "name": "Wizard",
      "url": "/api/classes/wizard"
    }
  ],
  "subclasses": [
    {
      "index": "lore",
      "name": "Lore",
      "url": "/api/subclasses/lore"
    }
  ],
  "url": "/api/spells/false-life"
}