{
  "higher_level": [],
  "index": "find-the-path",
  "name": "Find the Path",
  "desc": [
    "This spell allows you to find the shortest, most direct physical route to a specific fixed location that you are familiar with on the same plane of existence. If you name a destination on another plane of existence, a destination that moves (such as a mobile fortress), or a destination that isn't specific (such as \"a green dragon's lair\"), the spell fails.",
    "For the duration, as long as you are on the same plane of existence as the destination, you know how far it is and in what direction it lies. While you are traveling there, whenever you are presented with a choice of paths along the way, you automatically determine which path is the shortest and most direct route (but not necessarily the safest route) to the destination."
  ],
  "range": "Self",
  "components": [
    "V",
    "S",
    "M"
  ],
  "material": "A set of divinatory tools--such as bones, ivory sticks, cards, teeth, or carved runes--worth 100gp and an object from the location you wish to find.",
  "ritual": false,
  "duration": "Up to 24 hours",
  "concentration": true,
  "casting_time": "1 minute",
  "level": 6,
  "school": {
    "index": "divination",
    "name": "Divination",
    "url": "/api/magic-schools/divination"
  },
  "classes": [
    {
      "index": "bard",
      "name": "Bard",
      "url": "/api/classes/bard"
    },
    {
      "index": "cleric",
      "name": "Cleric",
      "url": "/api/classes/cleric"
    },
    {
      "index": "druid",
      "name": "Druid",
      "url": "/api/classes/druid"
    }
  ],
  "subclasses": [],
  "url": "/api/spells/find-the-path"
}