{
  "higher_level": [],
  "index": "finger-of-death",
  "name": "Finger of Death",
  "desc": [
    "You send negative energy coursing through a creature that you can see within range, causing it searing pain. The target must make a constitution saving throw. It takes 7d8 + 30 necrotic damage on a failed save, or half as much damage on a successful one.",
    "A humanoid killed by this spell rises at the start of your next turn as a zombie that is permanently under your command, following your verbal orders to the best of its ability."
  ],
  "range": "60 feet",
  "components": [
    "V",
    "S"
  ],
  "ritual": false,
  "duration": "Instantaneous",
  "concentration": false,
  "casting_time": "1 action",
  "level": 7,
  "damage": {
    "damage_type": {
      "index": "necrotic",
      "name": "Necrotic",
      "url": "/api/damage-types/necrotic"
    },
    "damage_at_slot_level": {
      "7": "7d8 + 30"
    }
  },
  "dc": {
    "dc_type": {
      "index": "con",
      "name": "CON",
      "url": "/api/ability-scores/con"
    },
    "dc_success": "half"
  },
  "school": {
    "index": "necromancy",
    "name": "Necromancy",
    "url": "/api/magic-schools/necromancy"
  },
  "classes": [
    {
      "index": "sorcerer",
      "name": "Sorcerer",
      "url": "/api/classes/sorcerer"
    },
    {
      "index": "warlock",
      "name": "Warlock",
      "url": "/api/classes/warlock"
    },
    {
      "index": "wizard",
      "name": "Wizard",
      "url": "/api/classes/wizard"
    }
  ],
  "subclasses": [],
  "url": "/api/spells/finger-of-death"
}