{
  "index": "flame-blade",
  "name": "Flame Blade",
  "desc": [
    "You evoke a fiery blade in your free hand. The blade is similar in size and shape to a scimitar, and it lasts for the duration. If you let go of the blade, it disappears, but you can evoke the blade again as a bonus action.",
    "You can use your action to make a melee spell attack with the fiery blade. On a hit, the target takes 3d6 fire damage.",
    "The flaming blade sheds bright light in a 10-foot radius and dim light for an additional 10 feet."
  ],
  "higher_level": [
    "When you cast this spell using a spell slot of 4th level or higher, the damage increases by 1d6 for every two slot levels above 2nd."
  ],
  "range": "Self",
  "components": [
    "V",
    "S",
    "M"
  ],
  "material": "Leaf of sumac.",
  "ritual": false,
  "duration": "Up to 10 minutes",
  "concentration": true,
  "casting_time": "1 bonus action",
  "level": 2,
  "damage": {
    "damage_type": {
      "index": "fire",
      "name": "Fire",
      "url": "/api/damage-types/fire"
    },
    "damage_at_slot_level": {
      "2": "3d6",
      "4": "4d6",
      "6": "5d6",
      "8": "6d6"
    }
  },
  "school": {
    "index": "evocation",
    "name": "Evocation",
    "url": "/api/magic-schools/evocation"
  },
  "classes": [
    {
      "index": "druid",
      "name": "Druid",
      "url": "/api/classes/druid"
    }
  ],
  "subclasses": [
    {
      "index": "lore",
      "name": "Lore",
      "url": "/api/subclasses/lore"
    }
  ],
  "url": "/api/spells/flame-blade"
}