{
  "index": "fog-cloud",
  "name": "Fog Cloud",
  "desc": [
    "You create a 20-foot-radius sphere of fog centered on a point within range. The sphere spreads around corners, and its area is heavily obscured. It lasts for the duration or until a wind of moderate or greater speed (at least 10 miles per hour) disperses it."
  ],
  "higher_level": [
    "When you cast this spell using a spell slot of 2nd level or higher, the radius of the fog increases by 20 feet for each slot level above 1st."
  ],
  "range": "120 feet",
  "components": [
    "V",
    "S"
  ],
  "ritual": false,
  "duration": "Up to 1 hour",
  "concentration": true,
  "casting_time": "1 action",
  "level": 1,
  "area_of_effect": {
    "type": "sphere",
    "size": 20
  },
  "school": {
    "index": "conjuration",
    "name": "Conjuration",
    "url": "/api/magic-schools/conjuration"
  },
  "classes": [
    {
      "index": "druid",
      "name": "Druid",
      "url": "/api/classes/druid"
    },
    {
      "index": "ranger",
      "name": "Ranger",
      "url": "/api/classes/ranger"
    },
    {
      "index": "sorcerer",
      "name": "Sorcerer",
      "url": "/api/classes/sorcerer"
    },
    {
      "index": "wizard",
      "name": "Wizard",
      "url": "/api/classes/wizard"
    }
  ],
  "subclasses": [
    {
      "index": "lore",
      "name": "Lore",
      "url": "/api/subclasses/lore"
    }
  ],
  "url": "/api/spells/fog-cloud"
}