{
  "index": "geas",
  "name": "Geas",
  "desc": [
    "You place a magical command on a creature that you can see within range, forcing it to carry out some service or refrain from some action or course of activity as you decide. If the creature can understand you, it must succeed on a wisdom saving throw or become charmed by you for the duration. While the creature is charmed by you, it takes 5d10 psychic damage each time it acts in a manner directly counter to your instructions, but no more than once each day. A creature that can't understand you is unaffected by the spell.",
    "You can issue any command you choose, short of an activity that would result in certain death. Should you issue a suicidal command, the spell ends.",
    "You can end the spell early by using an action to dismiss it. A remove curse, greater restoration, or wish spell also ends it."
  ],
  "higher_level": [
    "When you cast this spell using a spell slot of 7th or 8th level, the duration is 1 year. When you cast this spell using a spell slot of 9th level, the spell lasts until it is ended by one of the spells mentioned above."
  ],
  "range": "60 feet",
  "components": [
    "V"
  ],
  "ritual": false,
  "duration": "30 days",
  "concentration": false,
  "casting_time": "1 minute",
  "level": 5,
  "dc": {
    "dc_type": {
      "index": "wis",
      "name": "WIS",
      "url": "/api/ability-scores/wis"
    },
    "dc_success": "none"
  },
  "school": {
    "index": "enchantment",
    "name": "Enchantment",
    "url": "/api/magic-schools/enchantment"
  },
  "classes": [
    {
      "index": "bard",
      "name": "Bard",
      "url": "/api/classes/bard"
    },
    {
      "index": "cleric",
      "name": "Cleric",
      "url": "/api/classes/cleric"
    },
    {
      "index": "druid",
      "name": "Druid",
      "url": "/api/classes/druid"
    },
    {
      "index": "paladin",
      "name": "Paladin",
      "url": "/api/classes/paladin"
    },
    {
      "index": "wizard",
      "name": "Wizard",
      "url": "/api/classes/wizard"
    }
  ],
  "subclasses": [],
  "url": "/api/spells/geas"
}