{
  "index": "guiding-bolt",
  "name": "Guiding Bolt",
  "desc": [
    "A flash of light streaks toward a creature of your choice within range. Make a ranged spell attack against the target. On a hit, the target takes 4d6 radiant damage, and the next attack roll made against this target before the end of your next turn has advantage, thanks to the mystical dim light glittering on the target until then."
  ],
  "higher_level": [
    "When you cast this spell using a spell slot of 2nd level or higher, the damage increases by 1d6 for each slot level above 1st."
  ],
  "range": "120 feet",
  "components": [
    "V",
    "S"
  ],
  "ritual": false,
  "duration": "1 round",
  "concentration": false,
  "casting_time": "1 action",
  "level": 1,
  "attack_type": "ranged",
  "damage": {
    "damage_type": {
      "index": "radiant",
      "name": "Radiant",
      "url": "/api/damage-types/radiant"
    },
    "damage_at_slot_level": {
      "1": "4d6",
      "2": "5d6",
      "3": "6d6",
      "4": "7d6",
      "5": "8d6",
      "6": "9d6",
      "7": "10d6",
      "8": "11d6",
      "9": "12d6"
    }
  },
  "school": {
    "index": "evocation",
    "name": "Evocation",
    "url": "/api/magic-schools/evocation"
  },
  "classes": [
    {
      "index": "cleric",
      "name": "Cleric",
      "url": "/api/classes/cleric"
    }
  ],
  "subclasses": [
    {
      "index": "lore",
      "name": "Lore",
      "url": "/api/subclasses/lore"
    }
  ],
  "url": "/api/spells/guiding-bolt"
}