{
  "higher_level": [],
  "index": "gust-of-wind",
  "name": "Gust of Wind",
  "desc": [
    "A line of strong wind 60 feet long and 10 feet wide blasts from you in a direction you choose for the spell's duration. Each creature that starts its turn in the line must succeed on a strength saving throw or be pushed 15 feet away from you in a direction following the line.",
    "Any creature in the line must spend 2 feet of movement for every 1 foot it moves when moving closer to you.",
    "The gust disperses gas or vapor, and it extinguishes candles, torches, and similar unprotected flames in the area. It causes protected flames, such as those of lanterns, to dance wildly and has a 50 percent chance to extinguish them.",
    "As a bonus action on each of your turns before the spell ends, you can change the direction in which the line blasts from you."
  ],
  "range": "Self",
  "components": [
    "V",
    "S",
    "M"
  ],
  "material": "A legume seed.",
  "ritual": false,
  "duration": "Up to 1 minute",
  "concentration": true,
  "casting_time": "1 action",
  "level": 2,
  "dc": {
    "dc_type": {
      "index": "str",
      "name": "STR",
      "url": "/api/ability-scores/str"
    },
    "dc_success": "none"
  },
  "area_of_effect": {
    "type": "line",
    "size": 60
  },
  "school": {
    "index": "evocation",
    "name": "Evocation",
    "url": "/api/magic-schools/evocation"
  },
  "classes": [
    {
      "index": "druid",
      "name": "Druid",
      "url": "/api/classes/druid"
    },
    {
      "index": "sorcerer",
      "name": "Sorcerer",
      "url": "/api/classes/sorcerer"
    },
    {
      "index": "wizard",
      "name": "Wizard",
      "url": "/api/classes/wizard"
    }
  ],
  "subclasses": [
    {
      "index": "lore",
      "name": "Lore",
      "url": "/api/subclasses/lore"
    }
  ],
  "url": "/api/spells/gust-of-wind"
}