{
  "higher_level": [],
  "index": "hallow",
  "name": "Hallow",
  "desc": [
    "You touch a point and infuse an area around it with holy (or unholy) power. The area can have a radius up to 60 feet, and the spell fails if the radius includes an area already under the effect a hallow spell. The affected area is subject to the following effects.",
    "First, celestials, elementals, fey, fiends, and undead can't enter the area, nor can such creatures charm, frighten, or possess creatures within it. Any creature charmed, frightened, or possessed by such a creature is no longer charmed, frightened, or possessed upon entering the area. You can exclude one or more of those types of creatures from this effect.",
    "Second, you can bind an extra effect to the area. Choose the effect from the following list, or choose an effect offered by the GM. Some of these effects apply to creatures in the area; you can designate whether the effect applies to all creatures, creatures that follow a specific deity or leader, or creatures of a specific sort, such as ores or trolls. When a creature that would be affected enters the spell's area for the first time on a turn or starts its turn there, it can make a charisma saving throw. On a success, the creature ignores the extra effect until it leaves the area.",
    "***Courage.*** Affected creatures can't be frightened while in the area.",
    "***Darkness.*** Darkness fills the area. Normal light, as well as magical light created by spells of a lower level than the slot you used to cast this spell, can't illuminate the area.",
    "***Daylight.*** Bright light fills the area. Magical darkness created by spells of a lower level than the slot you used to cast this spell can't extinguish the light.",
    "***Energy Protection.*** Affected creatures in the area have resistance to one damage type of your choice, except for bludgeoning, piercing, or slashing.",
    "***Energy Vulnerability.*** Affected creatures in the area have vulnerability to one damage type of your choice, except for bludgeoning, piercing, or slashing.",
    "***Everlasting Rest.*** Dead bodies interred in the area can't be turned into undead.",
    "***Extradimensional Interference.*** Affected creatures can't move or travel using teleportation or by extradimensional or interplanar means.",
    "***Fear.*** Affected creatures are frightened while in the area.",
    "***Silence.*** No sound can emanate from within the area, and no sound can reach into it.",
    "***Tongues.*** Affected creatures can communicate with any other creature in the area, even if they don't share a common language."
  ],
  "range": "Touch",
  "components": [
    "V",
    "S",
    "M"
  ],
  "material": "Herbs, oils, and incense worth at least 1,000 gp, which the spell consumes.",
  "ritual": false,
  "duration": "Until dispelled",
  "concentration": false,
  "casting_time": "24 hours",
  "level": 5,
  "dc": {
    "dc_type": {
      "index": "cha",
      "name": "CHA",
      "url": "/api/ability-scores/cha"
    },
    "dc_success": "none"
  },
  "area_of_effect": {
    "type": "sphere",
    "size": 60
  },
  "school": {
    "index": "evocation",
    "name": "Evocation",
    "url": "/api/magic-schools/evocation"
  },
  "classes": [
    {
      "index": "cleric",
      "name": "Cleric",
      "url": "/api/classes/cleric"
    }
  ],
  "subclasses": [
    {
      "index": "fiend",
      "name": "Fiend",
      "url": "/api/subclasses/fiend"
    }
  ],
  "url": "/api/spells/hallow"
}