{
  "index": "healing-word",
  "name": "Healing Word",
  "desc": [
    "A creature of your choice that you can see within range regains hit points equal to 1d4 + your spellcasting ability modifier. This spell has no effect on undead or constructs."
  ],
  "higher_level": [
    "When you cast this spell using a spell slot of 2nd level or higher, the healing increases by 1d4 for each slot level above 1st."
  ],
  "range": "60 feet",
  "components": [
    "V"
  ],
  "ritual": false,
  "duration": "Instantaneous",
  "concentration": false,
  "casting_time": "1 bonus action",
  "level": 1,
  "heal_at_slot_level": {
    "1": "1d4 + MOD",
    "2": "2d4 + MOD",
    "3": "3d4 + MOD",
    "4": "4d4 + MOD",
    "5": "5d4 + MOD",
    "6": "6d4 + MOD",
    "7": "7d4 + MOD",
    "8": "8d4 + MOD",
    "9": "9d4 + MOD"
  },
  "school": {
    "index": "evocation",
    "name": "Evocation",
    "url": "/api/magic-schools/evocation"
  },
  "classes": [
    {
      "index": "bard",
      "name": "Bard",
      "url": "/api/classes/bard"
    },
    {
      "index": "cleric",
      "name": "Cleric",
      "url": "/api/classes/cleric"
    },
    {
      "index": "druid",
      "name": "Druid",
      "url": "/api/classes/druid"
    }
  ],
  "subclasses": [
    {
      "index": "lore",
      "name": "Lore",
      "url": "/api/subclasses/lore"
    }
  ],
  "url": "/api/spells/healing-word"
}