{
  "index": "heat-metal",
  "name": "Heat Metal",
  "desc": [
    "Choose a manufactured metal object, such as a metal weapon or a suit of heavy or medium metal armor, that you can see within range. You cause the object to glow red-hot. Any creature in physical contact with the object takes 2d8 fire damage when you cast the spell. Until the spell ends, you can use a bonus action on each of your subsequent turns to cause this damage again.",
    "If a creature is holding or wearing the object and takes the damage from it, the creature must succeed on a constitution saving throw or drop the object if it can. If it doesn't drop the object, it has disadvantage on attack rolls and ability checks until the start of your next turn."
  ],
  "higher_level": [
    "When you cast this spell using a spell slot of 3rd level or higher, the damage increases by 1d8 for each slot level above 2nd."
  ],
  "range": "60 feet",
  "components": [
    "V",
    "S",
    "M"
  ],
  "material": "A piece of iron and a flame.",
  "ritual": false,
  "duration": "Up to 1 minute",
  "concentration": true,
  "casting_time": "1 action",
  "level": 2,
  "damage": {
    "damage_type": {
      "index": "fire",
      "name": "Fire",
      "url": "/api/damage-types/fire"
    },
    "damage_at_slot_level": {
      "2": "2d8",
      "3": "3d8",
      "4": "4d8",
      "5": "5d8",
      "6": "6d8",
      "7": "7d8",
      "8": "8d8",
      "9": "9d8"
    }
  },
  "dc": {
    "dc_type": {
      "index": "con",
      "name": "CON",
      "url": "/api/ability-scores/con"
    },
    "dc_success": "other",
    "desc": "Can choose to not drop the object"
  },
  "school": {
    "index": "transmutation",
    "name": "Transmutation",
    "url": "/api/magic-schools/transmutation"
  },
  "classes": [
    {
      "index": "bard",
      "name": "Bard",
      "url": "/api/classes/bard"
    },
    {
      "index": "druid",
      "name": "Druid",
      "url": "/api/classes/druid"
    }
  ],
  "subclasses": [
    {
      "index": "lore",
      "name": "Lore",
      "url": "/api/subclasses/lore"
    }
  ],
  "url": "/api/spells/heat-metal"
}