{
  "index": "hold-monster",
  "name": "Hold Monster",
  "desc": [
    "Choose a creature you can see and reach. The target must make a saving throw of Wisdom or be paralyzed for the duration of the spell. This spell has no effect against the undead. At the end of each round, the target can make a new saving throw of Wisdom. If successful, the spell ends for the creature."
  ],
  "higher_level": [
    "When you cast this spell using a level 6 or higher location, you can target an additional creature for each level of location beyond the fifth. The creatures must be within 30 feet o f each other when you target them."
  ],
  "range": "90 feet",
  "components": [
    "V",
    "S",
    "M"
  ],
  "material": "A small piece of iron.",
  "ritual": false,
  "duration": "Up to 1 minute",
  "concentration": true,
  "casting_time": "1 action",
  "level": 5,
  "dc": {
    "dc_type": {
      "index": "wis",
      "name": "WIS",
      "url": "/api/ability-scores/wis"
    },
    "dc_success": "none"
  },
  "school": {
    "index": "enchantment",
    "name": "Enchantment",
    "url": "/api/magic-schools/enchantment"
  },
  "classes": [
    {
      "index": "bard",
      "name": "Bard",
      "url": "/api/classes/bard"
    },
    {
      "index": "sorcerer",
      "name": "Sorcerer",
      "url": "/api/classes/sorcerer"
    },
    {
      "index": "warlock",
      "name": "Warlock",
      "url": "/api/classes/warlock"
    },
    {
      "index": "wizard",
      "name": "Wizard",
      "url": "/api/classes/wizard"
    }
  ],
  "subclasses": [],
  "url": "/api/spells/hold-monster"
}