{
  "higher_level": [],
  "index": "holy-aura",
  "name": "Holy Aura",
  "desc": [
    "Divine light washes out from you and coalesces in a soft radiance in a 30-foot radius around you. Creatures of your choice in that radius when you cast this spell shed dim light in a 5-foot radius and have advantage on all saving throws, and other creatures have disadvantage on attack rolls against them until the spell ends. In addition, when a fiend or an undead hits an affected creature with a melee attack, the aura flashes with brilliant light. The attacker must succeed on a constitution saving throw or be blinded until the spell ends."
  ],
  "range": "Self",
  "components": [
    "V",
    "S",
    "M"
  ],
  "material": "A tiny reliquary worth at least 1,000gp containing a sacred relic, such as a scrap of cloth from a saint's robe or a piece of parchment from a religious text.",
  "ritual": false,
  "duration": "Up to 1 minute",
  "concentration": true,
  "casting_time": "1 action",
  "level": 8,
  "area_of_effect": {
    "type": "sphere",
    "size": 30
  },
  "school": {
    "index": "abjuration",
    "name": "Abjuration",
    "url": "/api/magic-schools/abjuration"
  },
  "classes": [
    {
      "index": "cleric",
      "name": "Cleric",
      "url": "/api/classes/cleric"
    }
  ],
  "subclasses": [],
  "url": "/api/spells/holy-aura"
}