{
  "higher_level": [],
  "index": "incendiary-cloud",
  "name": "Incendiary Cloud",
  "desc": [
    "A swirling cloud of smoke shot through with white-hot embers appears in a 20-foot-radius sphere centered on a point within range. The cloud spreads around corners and is heavily obscured. It lasts for the duration or until a wind of moderate or greater speed (at least 10 miles per hour) disperses it.",
    "When the cloud appears, each creature in it must make a dexterity saving throw. A creature takes 10d8 fire damage on a failed save, or half as much damage on a successful one. A creature must also make this saving throw when it enters the spell's area for the first time on a turn or ends its turn there.",
    "The cloud moves 10 feet directly away from you in a direction that you choose at the start of each of your turns."
  ],
  "range": "150 feet",
  "components": [
    "V",
    "S"
  ],
  "ritual": false,
  "duration": "Up to 1 minute",
  "concentration": true,
  "casting_time": "1 action",
  "level": 8,
  "damage": {
    "damage_type": {
      "index": "fire",
      "name": "Fire",
      "url": "/api/damage-types/fire"
    },
    "damage_at_slot_level": {
      "8": "10d8"
    }
  },
  "dc": {
    "dc_type": {
      "index": "dex",
      "name": "DEX",
      "url": "/api/ability-scores/dex"
    },
    "dc_success": "half"
  },
  "area_of_effect": {
    "type": "sphere",
    "size": 20
  },
  "school": {
    "index": "conjuration",
    "name": "Conjuration",
    "url": "/api/magic-schools/conjuration"
  },
  "classes": [
    {
      "index": "sorcerer",
      "name": "Sorcerer",
      "url": "/api/classes/sorcerer"
    },
    {
      "index": "wizard",
      "name": "Wizard",
      "url": "/api/classes/wizard"
    }
  ],
  "subclasses": [],
  "url": "/api/spells/incendiary-cloud"
}