{
  "higher_level": [],
  "index": "mage-armor",
  "name": "Mage Armor",
  "desc": [
    "You touch a willing creature who isn't wearing armor, and a protective magical force surrounds it until the spell ends. The target's base AC becomes 13 + its Dexterity modifier. The spell ends if the target dons armor or if you dismiss the spell as an action."
  ],
  "range": "Touch",
  "components": [
    "V",
    "S",
    "M"
  ],
  "material": "A piece of cured leather.",
  "ritual": false,
  "duration": "8 hours",
  "concentration": false,
  "casting_time": "1 action",
  "level": 1,
  "school": {
    "index": "abjuration",
    "name": "Abjuration",
    "url": "/api/magic-schools/abjuration"
  },
  "classes": [
    {
      "index": "sorcerer",
      "name": "Sorcerer",
      "url": "/api/classes/sorcerer"
    },
    {
      "index": "wizard",
      "name": "Wizard",
      "url": "/api/classes/wizard"
    }
  ],
  "subclasses": [
    {
      "index": "lore",
      "name": "Lore",
      "url": "/api/subclasses/lore"
    }
  ],
  "url": "/api/spells/mage-armor"
}