{
  "index": "magic-circle",
  "name": "Magic Circle",
  "desc": [
    "You create a 10-foot radius, 20-foot-tall cylinder of magical energy centered on a point on the ground that you can see within range. Glowing runes appear whenever the cylinder intersects with the floor or other surface.",
    "Choose one or more of the following types of creatures: celestials, elementals, fey, fiends, or undead. The circle affects a creature of the chosen type in the following ways:",
    "- The creature can't willingly enter the cylinder by nonmagical means. If the creature tries to use teleportation or interplanar travel to do so, it must first succeed on a charisma saving throw.",
    "- The creature has disadvantage on attack rolls against targets within the cylinder.",
    "- Targets within the cylinder can't be charmed, frightened, or possessed by the creature.",
    "When you cast this spell, you can elect to cause its magic to operate in the reverse direction, preventing a creature of the specified type from leaving the cylinder and protecting targets outside it."
  ],
  "higher_level": [
    "When you cast this spell using a spell slot of 4th level or higher, the duration increases by 1 hour for each slot level above 3rd."
  ],
  "range": "10 feet",
  "components": [
    "V",
    "S",
    "M"
  ],
  "material": "Holy water or powdered silver and iron worth at least 100 gp, which the spell consumes.",
  "ritual": false,
  "duration": "1 hour",
  "concentration": false,
  "casting_time": "1 minute",
  "level": 3,
  "area_of_effect": {
    "type": "cylinder",
    "size": 10
  },
  "dc": {
    "dc_type": {
      "index": "cha",
      "name": "CHA",
      "url": "/api/ability-scores/cha"
    },
    "dc_success": "other",
    "desc": "If the creature tries to use teleportation or interplanar travel to do so, it must first succeed on a Charisma saving throw."
  },
  "school": {
    "index": "abjuration",
    "name": "Abjuration",
    "url": "/api/magic-schools/abjuration"
  },
  "classes": [
    {
      "index": "cleric",
      "name": "Cleric",
      "url": "/api/classes/cleric"
    },
    {
      "index": "paladin",
      "name": "Paladin",
      "url": "/api/classes/paladin"
    },
    {
      "index": "warlock",
      "name": "Warlock",
      "url": "/api/classes/warlock"
    },
    {
      "index": "wizard",
      "name": "Wizard",
      "url": "/api/classes/wizard"
    }
  ],
  "subclasses": [
    {
      "index": "lore",
      "name": "Lore",
      "url": "/api/subclasses/lore"
    }
  ],
  "url": "/api/spells/magic-circle"
}