{
  "index": "mass-healing-word",
  "name": "Mass Healing Word",
  "desc": [
    "As you call out words of restoration, up to six creatures of your choice that you can see within range regain hit points equal to 1d4 + your spellcasting ability modifier. This spell has no effect on undead or constructs."
  ],
  "higher_level": [
    "When you cast this spell using a spell slot of 4th level or higher, the healing increases by 1d4 for each slot level above 3rd."
  ],
  "range": "60 feet",
  "components": [
    "V"
  ],
  "ritual": false,
  "duration": "Instantaneous",
  "concentration": false,
  "casting_time": "1 bonus action",
  "level": 3,
  "heal_at_slot_level": {
    "3": "1d4 + MOD",
    "4": "2d4 + MOD",
    "5": "3d4 + MOD",
    "6": "4d4 + MOD",
    "7": "5d4 + MOD",
    "8": "6d4 + MOD",
    "9": "7d4 + MOD"
  },
  "school": {
    "index": "evocation",
    "name": "Evocation",
    "url": "/api/magic-schools/evocation"
  },
  "classes": [
    {
      "index": "cleric",
      "name": "Cleric",
      "url": "/api/classes/cleric"
    }
  ],
  "subclasses": [
    {
      "index": "lore",
      "name": "Lore",
      "url": "/api/subclasses/lore"
    }
  ],
  "url": "/api/spells/mass-healing-word"
}