{
  "higher_level": [],
  "index": "maze",
  "name": "Maze",
  "desc": [
    "You banish a creature that you can see within range into a labyrinthine demiplane. The target remains there for the duration or until it escapes the maze.",
    "The target can use its action to attempt to escape. When it does so, it makes a DC 20 Intelligence check. If it succeeds, it escapes, and the spell ends (a minotaur or goristro demon automatically succeeds).",
    "When the spell ends, the target reappears in the space it left or, if that space is occupied, in the nearest unoccupied space."
  ],
  "range": "60 feet",
  "components": [
    "V",
    "S"
  ],
  "ritual": false,
  "duration": "Up to 10 minutes",
  "concentration": true,
  "casting_time": "1 action",
  "level": 8,
  "school": {
    "index": "conjuration",
    "name": "Conjuration",
    "url": "/api/magic-schools/conjuration"
  },
  "classes": [
    {
      "index": "wizard",
      "name": "Wizard",
      "url": "/api/classes/wizard"
    }
  ],
  "subclasses": [],
  "url": "/api/spells/maze"
}