{
  "index": "moonbeam",
  "name": "Moonbeam",
  "desc": [
    "A silvery beam of pale light shines down in a 5-foot radius, 40-foot-high cylinder centered on a point within range. Until the spell ends, dim light fills the cylinder.",
    "When a creature enters the spell's area for the first time on a turn or starts its turn there, it is engulfed in ghostly flames that cause searing pain, and it must make a constitution saving throw. It takes 2d10 radiant damage on a failed save, or half as much damage on a successful one.",
    "A shapechanger makes its saving throw with disadvantage. If it fails, it also instantly reverts to its original form and can't assume a different form until it leaves the spell's light.",
    "On each of your turns after you cast this spell, you can use an action to move the beam 60 feet in any direction."
  ],
  "higher_level": [
    "When you cast this spell using a spell slot of 3rd level or higher, the damage increases by 1dl0 for each slot level above 2nd."
  ],
  "range": "120 feet",
  "components": [
    "V",
    "S",
    "M"
  ],
  "material": "Several seeds of any moonseed plant and a piece of opalescent feldspar.",
  "ritual": false,
  "duration": "Up to 1 minute",
  "concentration": true,
  "casting_time": "1 action",
  "level": 2,
  "damage": {
    "damage_type": {
      "index": "radiant",
      "name": "Radiant",
      "url": "/api/damage-types/radiant"
    },
    "damage_at_slot_level": {
      "2": "2d10",
      "3": "3d10",
      "4": "4d10",
      "5": "5d10",
      "6": "6d10",
      "7": "7d10",
      "8": "8d10",
      "9": "9d10"
    }
  },
  "dc": {
    "dc_type": {
      "index": "con",
      "name": "CON",
      "url": "/api/ability-scores/con"
    },
    "dc_success": "half"
  },
  "area_of_effect": {
    "type": "cylinder",
    "size": 5
  },
  "school": {
    "index": "evocation",
    "name": "Evocation",
    "url": "/api/magic-schools/evocation"
  },
  "classes": [
    {
      "index": "druid",
      "name": "Druid",
      "url": "/api/classes/druid"
    }
  ],
  "subclasses": [
    {
      "index": "lore",
      "name": "Lore",
      "url": "/api/subclasses/lore"
    }
  ],
  "url": "/api/spells/moonbeam"
}