{
  "higher_level": [],
  "index": "nondetection",
  "name": "Nondetection",
  "desc": [
    "For the duration, you hide a target that you touch from divination magic. The target can be a willing creature or a place or an object no larger than 10 feet in any dimension. The target can't be targeted by any divination magic or perceived through magical scrying sensors."
  ],
  "range": "Touch",
  "components": [
    "V",
    "S",
    "M"
  ],
  "material": "A pinch of diamond dust worth 25 gp sprinkled over the target, which the spell consumes.",
  "ritual": false,
  "duration": "8 hours",
  "concentration": false,
  "casting_time": "1 action",
  "level": 3,
  "school": {
    "index": "abjuration",
    "name": "Abjuration",
    "url": "/api/magic-schools/abjuration"
  },
  "classes": [
    {
      "index": "bard",
      "name": "Bard",
      "url": "/api/classes/bard"
    },
    {
      "index": "ranger",
      "name": "Ranger",
      "url": "/api/classes/ranger"
    },
    {
      "index": "wizard",
      "name": "Wizard",
      "url": "/api/classes/wizard"
    }
  ],
  "subclasses": [
    {
      "index": "lore",
      "name": "Lore",
      "url": "/api/subclasses/lore"
    }
  ],
  "url": "/api/spells/nondetection"
}