{
  "higher_level": [],
  "index": "pass-without-trace",
  "name": "Pass Without Trace",
  "desc": [
    "A veil of shadows and silence radiates from you, masking you and your companions from detection. For the duration, each creature you choose within 30 feet of you (including you) has a +10 bonus to Dexterity (Stealth) checks and can't be tracked except by magical means. A creature that receives this bonus leaves behind no tracks or other traces of its passage."
  ],
  "range": "Self",
  "components": [
    "V",
    "S",
    "M"
  ],
  "material": "Ashes from a burned leaf of mistletoe and a sprig of spruce.",
  "ritual": false,
  "duration": "Up to 1 hour",
  "concentration": true,
  "casting_time": "1 action",
  "level": 2,
  "school": {
    "index": "abjuration",
    "name": "Abjuration",
    "url": "/api/magic-schools/abjuration"
  },
  "classes": [
    {
      "index": "druid",
      "name": "Druid",
      "url": "/api/classes/druid"
    },
    {
      "index": "ranger",
      "name": "Ranger",
      "url": "/api/classes/ranger"
    }
  ],
  "subclasses": [
    {
      "index": "lore",
      "name": "Lore",
      "url": "/api/subclasses/lore"
    },
    {
      "index": "land",
      "name": "Land",
      "url": "/api/subclasses/land"
    }
  ],
  "url": "/api/spells/pass-without-trace"
}