{
  "higher_level": [],
  "index": "phantom-steed",
  "name": "Phantom Steed",
  "desc": [
    "A Large quasi-real, horselike creature appears on the ground in an unoccupied space of your choice within range. You decide the creature's appearance, but it is equipped with a saddle, bit, and bridle. Any of the equipment created by the spell vanishes in a puff of smoke if it is carried more than 10 feet away from the steed.",
    "For the duration, you or a creature you choose can ride the steed. The creature uses the statistics for a riding horse, except it has a speed of 100 feet and can travel 10 miles in an hour, or 13 miles at a fast pace. When the spell ends, the steed gradually fades, giving the rider 1 minute to dismount. The spell ends if you use an action to dismiss it or if the steed takes any damage."
  ],
  "range": "30 feet",
  "components": [
    "V",
    "S"
  ],
  "ritual": true,
  "duration": "1 hour",
  "concentration": false,
  "casting_time": "1 minute",
  "level": 3,
  "school": {
    "index": "illusion",
    "name": "Illusion",
    "url": "/api/magic-schools/illusion"
  },
  "classes": [
    {
      "index": "wizard",
      "name": "Wizard",
      "url": "/api/classes/wizard"
    }
  ],
  "subclasses": [
    {
      "index": "lore",
      "name": "Lore",
      "url": "/api/subclasses/lore"
    }
  ],
  "url": "/api/spells/phantom-steed"
}