{
  "higher_level": [],
  "index": "poison-spray",
  "name": "Poison Spray",
  "desc": [
    "You extend your hand toward a creature you can see within range and project a puff of noxious gas from your palm. The creature must succeed on a constitution saving throw or take 1d12 poison damage.",
    "This spell's damage increases by 1d12 when you reach 5th level (2d12), 11th level (3d12), and 17th level (4d12)."
  ],
  "range": "10 feet",
  "components": [
    "V",
    "S"
  ],
  "ritual": false,
  "duration": "Instantaneous",
  "concentration": false,
  "casting_time": "1 action",
  "level": 0,
  "damage": {
    "damage_type": {
      "index": "poison",
      "name": "Poison",
      "url": "/api/damage-types/poison"
    },
    "damage_at_character_level": {
      "1": "1d12",
      "5": "2d12",
      "11": "3d12",
      "17": "4d12"
    }
  },
  "dc": {
    "dc_type": {
      "index": "con",
      "name": "CON",
      "url": "/api/ability-scores/con"
    },
    "dc_success": "none"
  },
  "school": {
    "index": "conjuration",
    "name": "Conjuration",
    "url": "/api/magic-schools/conjuration"
  },
  "classes": [
    {
      "index": "sorcerer",
      "name": "Sorcerer",
      "url": "/api/classes/sorcerer"
    },
    {
      "index": "warlock",
      "name": "Warlock",
      "url": "/api/classes/warlock"
    },
    {
      "index": "wizard",
      "name": "Wizard",
      "url": "/api/classes/wizard"
    },
    {
      "index": "druid",
      "name": "Druid",
      "url": "/api/classes/druid"
    }
  ],
  "subclasses": [],
  "url": "/api/spells/poison-spray"
}