{
  "higher_level": [],
  "index": "prismatic-spray",
  "name": "Prismatic Spray",
  "desc": [
    "Eight multicolored rays of light flash from your hand. Each ray is a different color and has a different power and purpose. Each creature in a 60-foot cone must make a dexterity saving throw. For each target, roll a d8 to determine which color ray affects it.",
    "***1. Red.*** The target takes 10d6 fire damage on a failed save, or half as much damage on a successful one.",
    "***2. Orange.*** The target takes 10d6 acid damage on a failed save, or half as much damage on a successful one.",
    "***3. Yellow.*** The target takes 10d6 lightning damage on a failed save, or half as much damage on a successful one.",
    "***4. Green.*** The target takes 10d6 poison damage on a failed save, or half as much damage on a successful one.",
    "***5. Blue.*** The target takes 10d6 cold damage on a failed save, or half as much damage on a successful one.",
    "***6. Indigo.*** On a failed save, the target is restrained. It must then make a constitution saving throw at the end of each of its turns. If it successfully saves three times, the spell ends. If it fails its save three times, it permanently turns to stone and is subjected to the petrified condition. The successes and failures don't need to be consecutive; keep track of both until the target collects three of a kind.",
    "***7. Violet.*** On a failed save, the target is blinded. It must then make a wisdom saving throw at the start of your next turn. A successful save ends the blindness. If it fails that save, the creature is transported to another plane of existence of the GM's choosing and is no longer blinded. (Typically, a creature that is on a plane that isn't its home plane is banished home, while other creatures are usually cast into the Astral or Ethereal planes.)",
    "***8. Special.*** The target is struck by two rays. Roll twice more, rerolling any 8."
  ],
  "range": "Self",
  "components": [
    "V",
    "S"
  ],
  "ritual": false,
  "duration": "Instantaneous",
  "concentration": false,
  "casting_time": "1 action",
  "level": 7,
  "damage": {
    "damage_at_slot_level": {
      "7": "10d6"
    }
  },
  "dc": {
    "dc_type": {
      "index": "dex",
      "name": "DEX",
      "url": "/api/ability-scores/dex"
    },
    "dc_success": "other",
    "desc": "For each target, roll a d8 to determine which color ray affects it."
  },
  "area_of_effect": {
    "type": "cone",
    "size": 60
  },
  "school": {
    "index": "evocation",
    "name": "Evocation",
    "url": "/api/magic-schools/evocation"
  },
  "classes": [
    {
      "index": "sorcerer",
      "name": "Sorcerer",
      "url": "/api/classes/sorcerer"
    },
    {
      "index": "wizard",
      "name": "Wizard",
      "url": "/api/classes/wizard"
    }
  ],
  "subclasses": [],
  "url": "/api/spells/prismatic-spray"
}