{
  "higher_level": [],
  "index": "protection-from-poison",
  "name": "Protection from Poison",
  "desc": [
    "You touch a creature. If it is poisoned, you neutralize the poison. If more than one poison afflicts the target, you neutralize one poison that you know is present, or you neutralize one at random.",
    "For the duration, the target has advantage on saving throws against being poisoned, and it has resistance to poison damage."
  ],
  "range": "Touch",
  "components": [
    "V",
    "S"
  ],
  "ritual": false,
  "duration": "1 hour",
  "concentration": false,
  "casting_time": "1 action",
  "level": 2,
  "school": {
    "index": "abjuration",
    "name": "Abjuration",
    "url": "/api/magic-schools/abjuration"
  },
  "classes": [
    {
      "index": "cleric",
      "name": "Cleric",
      "url": "/api/classes/cleric"
    },
    {
      "index": "druid",
      "name": "Druid",
      "url": "/api/classes/druid"
    },
    {
      "index": "paladin",
      "name": "Paladin",
      "url": "/api/classes/paladin"
    },
    {
      "index": "ranger",
      "name": "Ranger",
      "url": "/api/classes/ranger"
    }
  ],
  "subclasses": [
    {
      "index": "lore",
      "name": "Lore",
      "url": "/api/subclasses/lore"
    }
  ],
  "url": "/api/spells/protection-from-poison"
}