{
  "higher_level": [],
  "index": "ray-of-frost",
  "name": "Ray of Frost",
  "desc": [
    "A frigid beam of blue-white light streaks toward a creature within range. Make a ranged spell attack against the target. On a hit, it takes 1d8 cold damage, and its speed is reduced by 10 feet until the start of your next turn.",
    "The spell's damage increases by 1d8 when you reach 5th level (2d8), 11th level (3d8), and 17th level (4d8)."
  ],
  "range": "60 feet",
  "components": [
    "V",
    "S"
  ],
  "ritual": false,
  "duration": "Instantaneous",
  "concentration": false,
  "casting_time": "1 action",
  "level": 0,
  "attack_type": "ranged",
  "damage": {
    "damage_type": {
      "index": "cold",
      "name": "Cold",
      "url": "/api/damage-types/cold"
    },
    "damage_at_character_level": {
      "1": "1d8",
      "5": "2d8",
      "11": "3d8",
      "17": "4d8"
    }
  },
  "school": {
    "index": "evocation",
    "name": "Evocation",
    "url": "/api/magic-schools/evocation"
  },
  "classes": [
    {
      "index": "sorcerer",
      "name": "Sorcerer",
      "url": "/api/classes/sorcerer"
    },
    {
      "index": "wizard",
      "name": "Wizard",
      "url": "/api/classes/wizard"
    }
  ],
  "subclasses": [
    {
      "index": "lore",
      "name": "Lore",
      "url": "/api/subclasses/lore"
    }
  ],
  "url": "/api/spells/ray-of-frost"
}