{
  "higher_level": [],
  "index": "sacred-flame",
  "name": "Sacred Flame",
  "desc": [
    "Flame-like radiance descends on a creature that you can see within range. The target must succeed on a dexterity saving throw or take 1d8 radiant damage. The target gains no benefit from cover for this saving throw.",
    "The spell's damage increases by 1d8 when you reach 5th level (2d8), 11th level (3d8), and 17th level (4d8)."
  ],
  "range": "60 feet",
  "components": [
    "V",
    "S"
  ],
  "ritual": false,
  "duration": "Instantaneous",
  "concentration": false,
  "casting_time": "1 action",
  "level": 0,
  "damage": {
    "damage_type": {
      "index": "radiant",
      "name": "Radiant",
      "url": "/api/damage-types/radiant"
    },
    "damage_at_character_level": {
      "1": "1d8",
      "5": "2d8",
      "11": "3d8",
      "17": "4d8"
    }
  },
  "dc": {
    "dc_type": {
      "index": "dex",
      "name": "DEX",
      "url": "/api/ability-scores/dex"
    },
    "dc_success": "none"
  },
  "school": {
    "index": "evocation",
    "name": "Evocation",
    "url": "/api/magic-schools/evocation"
  },
  "classes": [
    {
      "index": "cleric",
      "name": "Cleric",
      "url": "/api/classes/cleric"
    }
  ],
  "subclasses": [
    {
      "index": "lore",
      "name": "Lore",
      "url": "/api/subclasses/lore"
    }
  ],
  "url": "/api/spells/sacred-flame"
}