{
  "higher_level": [],
  "index": "sanctuary",
  "name": "Sanctuary",
  "desc": [
    "You ward a creature within range against attack. Until the spell ends, any creature who targets the warded creature with an attack or a harmful spell must first make a wisdom saving throw. On a failed save, the creature must choose a new target or lose the attack or spell. This spell doesn't protect the warded creature from area effects, such as the explosion of a fireball.",
    "If the warded creature makes an attack or casts a spell that affects an enemy creature, this spell ends."
  ],
  "range": "30 feet",
  "components": [
    "V",
    "S",
    "M"
  ],
  "material": "A small silver mirror.",
  "ritual": false,
  "duration": "1 minute",
  "concentration": false,
  "casting_time": "1 bonus action",
  "level": 1,
  "school": {
    "index": "abjuration",
    "name": "Abjuration",
    "url": "/api/magic-schools/abjuration"
  },
  "classes": [
    {
      "index": "cleric",
      "name": "Cleric",
      "url": "/api/classes/cleric"
    }
  ],
  "subclasses": [
    {
      "index": "lore",
      "name": "Lore",
      "url": "/api/subclasses/lore"
    },
    {
      "index": "devotion",
      "name": "Devotion",
      "url": "/api/subclasses/devotion"
    }
  ],
  "url": "/api/spells/sanctuary"
}