{
  "higher_level": [],
  "index": "scrying",
  "name": "Scrying",
  "desc": [
    "You can see and hear a particular creature you choose that is on the same plane of existence as you. The target must make a wisdom saving throw, which is modified by how well you know the target and the sort of physical connection you have to it. If a target knows you're casting this spell, it can fail the saving throw voluntarily if it wants to be observed.",
    "| Knowledge | Save Modifier |",
    "|---|---|",
    "| Secondhand (you have heard of the target) | +5 |",
    "| Firsthand (you have met the target) | +0 |",
    "| Familiar (you know the target well) | -5 |",
    "",
    "| Connection | Save Modifier |",
    "|---|---|",
    "| Likeness or picture | -2 |",
    "| Possession or garment | -4 |",
    "| Body part, lock of hair, bit of nail, or the like | -10 |",
    "On a successful save, the target isn't affected, and you can't use this spell against it again for 24 hours.",
    "On a failed save, the spell creates an invisible sensor within 10 feet of the target. You can see and hear through the sensor as if you were there. The sensor moves with the target, remaining within 10 feet of it for the duration. A creature that can see invisible objects sees the sensor as a luminous orb about the size of your fist.",
    "Instead of targeting a creature, you can choose a location you have seen before as the target of this spell. When you do, the sensor appears at that location and doesn't move."
  ],
  "range": "Self",
  "components": [
    "V",
    "S",
    "M"
  ],
  "material": "A focus worth at least 1,000 gp, such as a crystal ball, a silver mirror, or a font filled with holy water.",
  "ritual": false,
  "duration": "Up to 10 minutes",
  "concentration": true,
  "casting_time": "10 minutes",
  "level": 5,
  "dc": {
    "dc_type": {
      "index": "wis",
      "name": "WIS",
      "url": "/api/ability-scores/wis"
    },
    "dc_success": "none"
  },
  "school": {
    "index": "divination",
    "name": "Divination",
    "url": "/api/magic-schools/divination"
  },
  "classes": [
    {
      "index": "bard",
      "name": "Bard",
      "url": "/api/classes/bard"
    },
    {
      "index": "cleric",
      "name": "Cleric",
      "url": "/api/classes/cleric"
    },
    {
      "index": "druid",
      "name": "Druid",
      "url": "/api/classes/druid"
    },
    {
      "index": "warlock",
      "name": "Warlock",
      "url": "/api/classes/warlock"
    },
    {
      "index": "wizard",
      "name": "Wizard",
      "url": "/api/classes/wizard"
    }
  ],
  "subclasses": [
    {
      "index": "land",
      "name": "Land",
      "url": "/api/subclasses/land"
    }
  ],
  "url": "/api/spells/scrying"
}