{
  "higher_level": [],
  "index": "spare-the-dying",
  "name": "Spare the Dying",
  "desc": [
    "You touch a living creature that has 0 hit points. The creature becomes stable. This spell has no effect on undead or constructs."
  ],
  "range": "Touch",
  "components": [
    "V",
    "S"
  ],
  "ritual": false,
  "duration": "Instantaneous",
  "concentration": false,
  "casting_time": "1 action",
  "level": 0,
  "school": {
    "index": "necromancy",
    "name": "Necromancy",
    "url": "/api/magic-schools/necromancy"
  },
  "classes": [
    {
      "index": "cleric",
      "name": "Cleric",
      "url": "/api/classes/cleric"
    }
  ],
  "subclasses": [],
  "url": "/api/spells/spare-the-dying"
}