{
  "higher_level": [],
  "index": "storm-of-vengeance",
  "name": "Storm of Vengeance",
  "desc": [
    "A churning storm cloud forms, centered on a point you can see and spreading to a radius of 360 feet. Lightning flashes in the area, thunder booms, and strong winds roar. Each creature under the cloud (no more than 5,000 feet beneath the cloud) when it appears must make a constitution saving throw. On a failed save, a creature takes 2d6 thunder damage and becomes deafened for 5 minutes.",
    "Each round you maintain concentration on this spell, the storm produces additional effects on your turn.",
    "***Round 2.*** Acidic rain falls from the cloud. Each creature and object under the cloud takes 1d6 acid damage.",
    "***Round 3.*** You call six bolts of lightning from the cloud to strike six creatures or objects of your choice beneath the cloud. A given creature or object can't be struck by more than one bolt. A struck creature must make a dexterity saving throw. The creature takes 10d6 lightning damage on a failed save, or half as much damage on a successful one.",
    "***Round 4.*** Hailstones rain down from the cloud. Each creature under the cloud takes 2d6 bludgeoning damage.",
    "***Round 5-10.*** Gusts and freezing rain assail the area under the cloud. The area becomes difficult terrain and is heavily obscured. Each creature there takes 1d6 cold damage. Ranged weapon attacks in the area are impossible. The wind and rain count as a severe distraction for the purposes of maintaining concentration on spells. Finally, gusts of strong wind (ranging from 20 to 50 miles per hour) automatically disperse fog, mists, and similar phenomena in the area, whether mundane or magical."
  ],
  "range": "Sight",
  "components": [
    "V",
    "S"
  ],
  "ritual": false,
  "duration": "Up to 1 minute",
  "concentration": true,
  "casting_time": "1 action",
  "level": 9,
  "damage": {
    "damage_type": {
      "index": "thunder",
      "name": "Thunder",
      "url": "/api/damage-types/thunder"
    },
    "damage_at_slot_level": {
      "9": "2d6"
    }
  },
  "dc": {
    "dc_type": {
      "index": "con",
      "name": "CON",
      "url": "/api/ability-scores/con"
    },
    "dc_success": "none",
    "desc": "On a failed save, a creature takes 2d6 thunder damage and becomes deafened for 5 minutes."
  },
  "area_of_effect": {
    "type": "sphere",
    "size": 360
  },
  "school": {
    "index": "conjuration",
    "name": "Conjuration",
    "url": "/api/magic-schools/conjuration"
  },
  "classes": [
    {
      "index": "druid",
      "name": "Druid",
      "url": "/api/classes/druid"
    }
  ],
  "subclasses": [],
  "url": "/api/spells/storm-of-vengeance"
}