{
  "higher_level": [],
  "index": "sunburst",
  "name": "Sunburst",
  "desc": [
    "Brilliant sunlight flashes in a 60-foot radius centered on a point you choose within range. Each creature in that light must make a constitution saving throw. On a failed save, a creature takes 12d6 radiant damage and is blinded for 1 minute. On a successful save, it takes half as much damage and isn't blinded by this spell. Undead and oozes have disadvantage on this saving throw.",
    "A creature blinded by this spell makes another constitution saving throw at the end of each of its turns. On a successful save, it is no longer blinded.",
    "This spell dispels any darkness in its area that was created by a spell."
  ],
  "range": "150 feet",
  "components": [
    "V",
    "S",
    "M"
  ],
  "material": "Fire and a piece of sunstone.",
  "ritual": false,
  "duration": "Instantaneous",
  "concentration": false,
  "casting_time": "1 action",
  "level": 8,
  "damage": {
    "damage_type": {
      "index": "radiant",
      "name": "Radiant",
      "url": "/api/damage-types/radiant"
    },
    "damage_at_slot_level": {
      "8": "12d6"
    }
  },
  "dc": {
    "dc_type": {
      "index": "con",
      "name": "CON",
      "url": "/api/ability-scores/con"
    },
    "dc_success": "half",
    "desc": "On failure, the creature is also blinded for 1 minute."
  },
  "area_of_effect": {
    "type": "cylinder",
    "size": 60
  },
  "school": {
    "index": "evocation",
    "name": "Evocation",
    "url": "/api/magic-schools/evocation"
  },
  "classes": [
    {
      "index": "druid",
      "name": "Druid",
      "url": "/api/classes/druid"
    },
    {
      "index": "sorcerer",
      "name": "Sorcerer",
      "url": "/api/classes/sorcerer"
    },
    {
      "index": "wizard",
      "name": "Wizard",
      "url": "/api/classes/wizard"
    }
  ],
  "subclasses": [],
  "url": "/api/spells/sunburst"
}