{
  "higher_level": [],
  "index": "telepathic-bond",
  "name": "Telepathic Bond",
  "desc": [
    "You forge a telepathic link among up to eight willing creatures of your choice within range, psychically linking each creature to all the others for the duration. Creatures with Intelligence scores of 2 or less aren't affected by this spell.",
    "Until the spell ends, the targets can communicate telepathically through the bond whether or not they have a common language. The communication is possible over any distance, though it can't extend to other planes of existence."
  ],
  "range": "30 feet",
  "components": [
    "V",
    "S",
    "M"
  ],
  "material": "Pieces of eggshell from two different kinds of creatures",
  "ritual": true,
  "duration": "1 hour",
  "concentration": false,
  "casting_time": "1 action",
  "level": 5,
  "school": {
    "index": "divination",
    "name": "Divination",
    "url": "/api/magic-schools/divination"
  },
  "classes": [
    {
      "index": "wizard",
      "name": "Wizard",
      "url": "/api/classes/wizard"
    }
  ],
  "subclasses": [],
  "url": "/api/spells/telepathic-bond"
}