{
  "index": "thunderwave",
  "name": "Thunderwave",
  "desc": [
    "A wave of thunderous force sweeps out from you. Each creature in a 15-foot cube originating from you must make a constitution saving throw. On a failed save, a creature takes 2d8 thunder damage and is pushed 10 feet away from you. On a successful save, the creature takes half as much damage and isn't pushed.",
    "In addition, unsecured objects that are completely within the area of effect are automatically pushed 10 feet away from you by the spell's effect, and the spell emits a thunderous boom audible out to 300 feet."
  ],
  "higher_level": [
    "When you cast this spell using a spell slot of 2nd level or higher, the damage increases by 1d8 for each slot level above 1st."
  ],
  "range": "Self",
  "components": [
    "V",
    "S"
  ],
  "ritual": false,
  "duration": "Instantaneous",
  "concentration": false,
  "casting_time": "1 action",
  "level": 1,
  "damage": {
    "damage_type": {
      "index": "thunder",
      "name": "Thunder",
      "url": "/api/damage-types/thunder"
    },
    "damage_at_slot_level": {
      "1": "2d8",
      "2": "3d8",
      "3": "4d8",
      "4": "5d8",
      "5": "6d8",
      "6": "7d8",
      "7": "8d8",
      "8": "9d8",
      "9": "10d8"
    }
  },
  "dc": {
    "dc_type": {
      "index": "con",
      "name": "CON",
      "url": "/api/ability-scores/con"
    },
    "dc_success": "half"
  },
  "area_of_effect": {
    "type": "cube",
    "size": 15
  },
  "school": {
    "index": "evocation",
    "name": "Evocation",
    "url": "/api/magic-schools/evocation"
  },
  "classes": [
    {
      "index": "bard",
      "name": "Bard",
      "url": "/api/classes/bard"
    },
    {
      "index": "druid",
      "name": "Druid",
      "url": "/api/classes/druid"
    },
    {
      "index": "sorcerer",
      "name": "Sorcerer",
      "url": "/api/classes/sorcerer"
    },
    {
      "index": "wizard",
      "name": "Wizard",
      "url": "/api/classes/wizard"
    }
  ],
  "subclasses": [
    {
      "index": "lore",
      "name": "Lore",
      "url": "/api/subclasses/lore"
    }
  ],
  "url": "/api/spells/thunderwave"
}