{
  "higher_level": [],
  "index": "warding-bond",
  "name": "Warding Bond",
  "desc": [
    "This spell wards a willing creature you touch and creates a mystic connection between you and the target until the spell ends. While the target is within 60 feet of you, it gains a +1 bonus to AC and saving throws, and it has resistance to all damage. Also, each time it takes damage, you take the same amount of damage.",
    "The spell ends if you drop to 0 hit points or if you and the target become separated by more than 60 feet.",
    "It also ends if the spell is cast again on either of the connected creatures. You can also dismiss the spell as an action."
  ],
  "range": "Touch",
  "components": [
    "V",
    "S",
    "M"
  ],
  "material": "A pair of platinum rings worth at least 50gp each, which you and the target must wear for the duration.",
  "ritual": false,
  "duration": "1 hour",
  "concentration": false,
  "casting_time": "1 action",
  "level": 2,
  "school": {
    "index": "abjuration",
    "name": "Abjuration",
    "url": "/api/magic-schools/abjuration"
  },
  "classes": [
    {
      "index": "cleric",
      "name": "Cleric",
      "url": "/api/classes/cleric"
    }
  ],
  "subclasses": [
    {
      "index": "lore",
      "name": "Lore",
      "url": "/api/subclasses/lore"
    }
  ],
  "url": "/api/spells/warding-bond"
}