{
  "higher_level": [],
  "index": "water-walk",
  "name": "Water Walk",
  "desc": [
    "This spell grants the ability to move across any liquid surface--such as water, acid, mud, snow, quicksand, or lava--as if it were harmless solid ground (creatures crossing molten lava can still take damage from the heat). Up to ten willing creatures you can see within range gain this ability for the duration.",
    "If you target a creature submerged in a liquid, the spell carries the target to the surface of the liquid at a rate of 60 feet per round."
  ],
  "range": "30 feet",
  "components": [
    "V",
    "S",
    "M"
  ],
  "material": "A piece of cork.",
  "ritual": true,
  "duration": "1 hour",
  "concentration": false,
  "casting_time": "1 action",
  "level": 3,
  "school": {
    "index": "transmutation",
    "name": "Transmutation",
    "url": "/api/magic-schools/transmutation"
  },
  "classes": [
    {
      "index": "cleric",
      "name": "Cleric",
      "url": "/api/classes/cleric"
    },
    {
      "index": "druid",
      "name": "Druid",
      "url": "/api/classes/druid"
    },
    {
      "index": "ranger",
      "name": "Ranger",
      "url": "/api/classes/ranger"
    },
    {
      "index": "sorcerer",
      "name": "Sorcerer",
      "url": "/api/classes/sorcerer"
    }
  ],
  "subclasses": [
    {
      "index": "lore",
      "name": "Lore",
      "url": "/api/subclasses/lore"
    },
    {
      "index": "land",
      "name": "Land",
      "url": "/api/subclasses/land"
    }
  ],
  "url": "/api/spells/water-walk"
}