{
  "higher_level": [],
  "index": "weird",
  "name": "Weird",
  "desc": [
    "Drawing on the deepest fears of a group of creatures, you create illusory creatures in their minds, visible only to them. Each creature in a 30-foot-radius sphere centered on a point of your choice within range must make a wisdom saving throw. On a failed save, a creature becomes frightened for the duration. The illusion calls on the creature's deepest fears, manifesting its worst nightmares as an implacable threat. At the start of each of the frightened creature's turns, it must succeed on a wisdom saving throw or take 4d10 psychic damage. On a successful save, the spell ends for that creature."
  ],
  "range": "120 feet",
  "components": [
    "V",
    "S"
  ],
  "ritual": false,
  "duration": "Up to 1 minute",
  "concentration": true,
  "casting_time": "1 action",
  "level": 9,
  "dc": {
    "dc_type": {
      "index": "wis",
      "name": "WIS",
      "url": "/api/ability-scores/wis"
    },
    "dc_success": "none"
  },
  "area_of_effect": {
    "type": "sphere",
    "size": 30
  },
  "school": {
    "index": "illusion",
    "name": "Illusion",
    "url": "/api/magic-schools/illusion"
  },
  "classes": [
    {
      "index": "wizard",
      "name": "Wizard",
      "url": "/api/classes/wizard"
    }
  ],
  "subclasses": [],
  "url": "/api/spells/weird"
}